timestamp,trend,momentum,rsi,macd,bb,volume,composite,signal,position_size
2020-01-02,0,0,0,-1,0,0,-0.2,0,0.0
2020-01-03,0,0,0,1,0,0,0.2,0,0.0
2020-01-06,0,0,0,1,0,0,0.2,0,0.0
2020-01-07,0,0,0,1,0,0,0.2,0,0.0
2020-01-08,0,0,0,1,0,0,0.2,0,0.0
2020-01-09,0,0,0,1,0,0,0.2,0,0.0
2020-01-10,0,0,0,1,0,0,0.2,0,0.0
2020-01-13,0,0,0,-1,0,0,-0.2,0,0.0
2020-01-14,0,0,0,-1,0,0,-0.2,0,0.0
2020-01-15,0,0,0,-1,0,0,-0.2,0,0.0
2020-01-16,0,-1,0,-1,0,0,-0.4,-1,0.0
2020-01-17,0,-1,0,-1,0,0,-0.4,-1,0.0
2020-01-20,0,0,0,-1,0,0,-0.2,0,0.0
2020-01-21,0,0,0,-1,0,0,-0.2,0,0.0
2020-01-22,0,0,0,1,0,0,0.2,0,0.0
2020-01-23,0,0,0,1,0,0,0.2,0,0.0
2020-01-24,0,0,0,1,0,0,0.2,0,0.0
2020-01-27,0,1,0,1,0,0,0.4,1,0.0
2020-01-28,0,1,0,1,0,0,0.4,1,0.0
2020-01-29,1,1,0,1,0,0,0.65,1,0.0
2020-01-30,1,1,0,1,-1,0,0.55,1,
2020-01-31,1,1,-1,1,-1,0,0.4,1,
2020-02-03,1,1,-1,1,-1,0,0.4,1,
2020-02-04,1,1,-1,1,-1,0,0.4,1,
2020-02-05,1,1,-1,1,-1,0,0.4,1,
2020-02-06,1,0,-1,1,0,0,0.30000000000000004,1,
2020-02-07,1,0,-1,1,0,0,0.30000000000000004,1,
2020-02-10,1,0,0,1,0,0,0.45,1,
2020-02-11,1,0,0,1,0,0,0.45,1,
2020-02-12,-1,0,0,-1,0,0,-0.45,-1,
2020-02-13,-1,0,0,-1,0,0,-0.45,-1,
2020-02-14,-1,-1,0,-1,1,0,-0.55,-1,
2020-02-17,-1,0,0,-1,0,0,-0.45,-1,
2020-02-18,-1,-1,0,-1,0,0,-0.65,-1,
2020-02-19,-1,-1,0,-1,0,0,-0.65,-1,
2020-02-20,-1,0,0,-1,0,0,-0.45,-1,
2020-02-21,1,0,0,-1,0,0,0.04999999999999999,0,
2020-02-24,-1,0,0,-1,0,0,-0.45,-1,
2020-02-25,-1,0,0,-1,0,0,-0.45,-1,
2020-02-26,1,0,0,-1,0,0,0.04999999999999999,0,
2020-02-27,1,0,0,-1,0,0,0.04999999999999999,0,
2020-02-28,1,1,0,-1,0,-1,0.15,0,
2020-03-02,-1,0,0,-1,0,0,-0.45,-1,
2020-03-03,-1,0,0,-1,1,-1,-0.44999999999999996,-1,
2020-03-04,-1,0,0,-1,1,0,-0.35,-1,
2020-03-05,-1,0,0,-1,1,-1,-0.44999999999999996,-1,
2020-03-06,-1,-1,0,-1,1,0,-0.55,-1,
2020-03-09,-1,-1,0,-1,1,0,-0.55,-1,
2020-03-10,-1,-1,0,-1,1,0,-0.55,-1,
2020-03-11,-1,-1,0,-1,1,1,-0.45000000000000007,-1,
2020-03-12,-1,-1,1,-1,1,0,-0.4,-1,
2020-03-13,-1,-1,0,-1,0,0,-0.65,-1,
2020-03-16,-1,0,0,-1,0,0,-0.45,-1,
2020-03-17,-1,0,0,-1,0,0,-0.45,-1,
2020-03-18,1,0,0,1,0,1,0.55,1,
2020-03-19,-1,0,0,1,0,0,-0.04999999999999999,0,
2020-03-20,-1,0,0,-1,1,0,-0.35,-1,
2020-03-23,-1,0,0,-1,1,0,-0.35,-1,
2020-03-24,-1,0,0,-1,1,0,-0.35,-1,
2020-03-25,-1,0,0,-1,1,0,-0.35,-1,0.08856346480724364
2020-03-26,-1,0,0,-1,0,0,-0.45,-1,0.051911476790652916
2020-03-27,-1,-1,0,-1,1,0,-0.55,-1,0.11264674037603228
2020-03-30,-1,-1,0,-1,1,0,-0.55,-1,0.14096229826501736
2020-03-31,-1,-1,0,-1,1,0,-0.55,-1,0.1667305734609134
2020-04-01,-1,-1,1,-1,1,0,-0.4,-1,0.1404772826266537
2020-04-02,-1,-1,1,-1,1,0,-0.4,-1,0.1477961715084664
2020-04-03,-1,-1,1,-1,1,0,-0.4,-1,0.13418939030719354
2020-04-06,-1,-1,1,-1,1,0,-0.4,-1,0.12197147389287942
2020-04-07,-1,-1,1,-1,0,0,-0.5,-1,0.13219669681898957
2020-04-08,-1,-1,1,-1,0,0,-0.5,-1,0.13923457519378474
2020-04-09,-1,-1,0,-1,0,0,-0.65,-1,0.12039743938760135
2020-04-10,-1,0,0,1,0,0,-0.04999999999999999,0,0.009797063817274484
2020-04-13,-1,0,0,1,0,0,-0.04999999999999999,0,0.00818074885840878
2020-04-14,-1,0,0,1,0,0,-0.04999999999999999,0,0.008885803595740798
2020-04-15,1,1,0,1,0,1,0.75,1,0.10540882408142922
2020-04-16,1,1,0,1,0,1,0.75,1,0.09709348323537573
2020-04-17,1,1,0,1,0,0,0.65,1,0.08061712729997979
2020-04-20,1,1,0,1,0,1,0.75,1,0.10609877567338603
2020-04-21,1,0,-1,1,0,0,0.30000000000000004,1,0.04344162705735668
2020-04-22,-1,0,0,1,0,0,-0.04999999999999999,0,0.010079532727390598
2020-04-23,-1,0,0,1,0,0,-0.04999999999999999,0,0.01093865456989423
2020-04-24,-1,0,0,1,0,1,0.05000000000000002,0,0.012515514294107287
2020-04-27,-1,0,0,1,0,0,-0.04999999999999999,0,0.012608840966855306
2020-04-28,-1,0,0,1,0,0,-0.04999999999999999,0,0.01241910700596889
2020-04-29,-1,-1,0,-1,0,0,-0.65,-1,0.2008349869971452
2020-04-30,-1,-1,0,-1,1,-1,-0.65,-1,0.2065586227792389
2020-05-01,-1,-1,1,-1,1,0,-0.4,-1,0.12785931254606064
2020-05-04,-1,-1,1,-1,1,0,-0.4,-1,0.12319011544411082
2020-05-05,-1,-1,1,-1,1,0,-0.4,-1,0.1441895959882241
2020-05-06,-1,-1,1,-1,1,0,-0.4,-1,0.15621203702225556
2020-05-07,-1,-1,1,-1,1,0,-0.4,-1,0.19250526567905596
2020-05-08,-1,-1,1,-1,1,-1,-0.5,-1,0.25476509513673606
2020-05-11,-1,-1,1,-1,1,0,-0.4,-1,0.22487532243528705
2020-05-12,-1,-1,1,-1,1,0,-0.4,-1,0.2284926659133537
2020-05-13,-1,-1,1,-1,1,-1,-0.5,-1,0.33197862515344057
2020-05-14,-1,-1,1,-1,1,0,-0.4,-1,0.2561353177372089
2020-05-15,-1,-1,1,-1,1,0,-0.4,-1,0.27890504815640854
2020-05-18,-1,-1,1,-1,1,0,-0.4,-1,0.2322700697825347
2020-05-19,-1,-1,1,-1,0,0,-0.5,-1,0.2513549284744809
2020-05-20,-1,0,1,-1,0,0,-0.30000000000000004,-1,0.16706800388083537
2020-05-21,-1,0,1,1,0,0,0.1,0,0.042354300932311885
2020-05-22,-1,0,1,1,0,0,0.1,0,0.04614173309186942
2020-05-25,-1,0,1,1,1,0,0.2,0,0.0970450273437879
2020-05-26,-1,0,1,1,1,0,0.2,0,0.10044621617659238
2020-05-27,-1,0,1,-1,1,1,-0.10000000000000003,0,0.052542566074110765
2020-05-28,-1,-1,1,-1,1,1,-0.30000000000000004,-1,0.16477682596367701
2020-05-29,-1,0,1,-1,1,0,-0.20000000000000004,0,0.11040127954377342
2020-06-01,-1,0,0,-1,1,0,-0.35,-1,0.1728620561548979
2020-06-02,-1,0,0,1,0,0,-0.04999999999999999,0,0.02417791216358338
2020-06-03,-1,0,0,1,0,1,0.05000000000000002,0,0.024323709389293405
2020-06-04,-1,-1,0,1,1,0,-0.15,0,0.07615792554169079
2020-06-05,-1,-1,0,1,1,0,-0.15,0,0.07777353086182796
2020-06-08,-1,0,1,1,1,0,0.2,0,0.10591755179446691
2020-06-09,-1,0,0,1,0,0,-0.04999999999999999,0,0.020292577078179535
2020-06-10,1,0,0,1,0,-1,0.35,1,0.11090884796018875
2020-06-11,-1,0,0,1,0,0,-0.04999999999999999,0,0.015909555980929007
2020-06-12,1,0,0,1,0,0,0.45,1,0.1385003670595058
2020-06-15,-1,0,0,1,0,0,-0.04999999999999999,0,0.016497791065450566
2020-06-16,1,0,0,1,0,0,0.45,1,0.09314309075472982
2020-06-17,1,0,0,1,0,0,0.45,1,0.10638615550275797
2020-06-18,1,0,0,1,0,0,0.45,1,0.12290140413824088
2020-06-19,1,0,0,1,0,0,0.45,1,0.12740371023118496
2020-06-22,1,0,0,1,0,0,0.45,1,0.1240779662441541
2020-06-23,-1,0,0,1,0,0,-0.04999999999999999,0,0.015097162187222497
2020-06-24,-1,0,0,1,0,0,-0.04999999999999999,0,0.01674513147207242
2020-06-25,-1,-1,0,1,1,0,-0.15,0,0.05798364779988249
2020-06-26,-1,-1,0,-1,1,0,-0.55,-1,0.22788103939387372
2020-06-29,-1,-1,0,-1,1,1,-0.45000000000000007,-1,0.14929073011956534
2020-06-30,-1,-1,0,-1,1,-1,-0.65,-1,0.2204772887612128
2020-07-01,-1,-1,0,-1,1,0,-0.55,-1,0.19549041999530775
2020-07-02,-1,0,0,-1,0,1,-0.35,-1,0.1018623008448611
2020-07-03,-1,0,0,-1,0,0,-0.45,-1,0.1206853874405589
2020-07-06,-1,0,0,1,0,0,-0.04999999999999999,0,0.011946045979218545
2020-07-07,-1,0,0,1,0,0,-0.04999999999999999,0,0.010334941880113283
2020-07-08,1,0,0,1,0,1,0.55,1,0.06898106798948946
2020-07-09,1,1,0,1,0,0,0.65,1,0.07698316915799074
2020-07-10,1,1,0,1,0,0,0.65,1,0.046570812115648376
2020-07-13,1,1,0,1,-1,0,0.55,1,0.0038353407447672713
2020-07-14,1,1,0,1,0,0,0.65,1,0.027345517392746578
2020-07-15,1,1,-1,1,-1,0,0.4,1,0.018876989177193722
2020-07-16,1,1,-1,1,0,0,0.5,1,0.0034542720321869384
2020-07-17,1,1,-1,1,-1,0,0.4,1,0.01024757619617877
2020-07-20,1,1,-1,1,0,0,0.5,1,0.008853570478605074
2020-07-21,1,0,-1,1,0,0,0.30000000000000004,1,0.0013471583913266464
2020-07-22,1,0,0,1,0,0,0.45,1,0.0013022127660440236
2020-07-23,1,0,0,1,0,0,0.45,1,0.008551776947985458
2020-07-24,1,0,0,1,0,-1,0.35,1,0.02559958699450992
2020-07-27,1,0,-1,1,-1,0,0.20000000000000004,0,0.038087965232619946
2020-07-28,1,1,-1,1,-1,1,0.5,1,0.1326846468228717
2020-07-29,1,1,-1,1,-1,-1,0.30000000000000004,1,0.08613773323377678
2020-07-30,1,1,-1,1,-1,0,0.4,1,0.13928424749322313
2020-07-31,1,1,0,1,-1,-1,0.45000000000000007,1,0.11961559287258092
2020-08-03,1,1,-1,1,-1,0,0.4,1,0.11521572393392447
2020-08-04,1,0,0,1,0,-1,0.35,1,0.036626284566279046
2020-08-05,1,1,0,1,0,0,0.65,1,0.08630321724675413
2020-08-06,1,0,0,1,0,1,0.55,1,0.06707097641668572
2020-08-07,-1,0,0,-1,0,1,-0.35,-1,0.02448342652897557
2020-08-10,-1,0,0,-1,0,0,-0.45,-1,0.04239089622246098
2020-08-11,1,0,0,-1,0,0,0.04999999999999999,0,0.006824461402778355
2020-08-12,1,0,0,-1,0,0,0.04999999999999999,0,0.005999695144469666
2020-08-13,1,0,0,-1,-1,0,-0.05000000000000002,0,0.010543735151488834
2020-08-14,1,0,0,1,-1,0,0.35,1,0.07644209424899254
2020-08-17,1,0,0,-1,0,0,0.04999999999999999,0,0.006106403858454555
2020-08-18,1,0,0,1,0,-1,0.35,1,0.0638595164566953
2020-08-19,1,1,0,1,-1,1,0.65,1,0.14905808081952915
2020-08-20,1,1,0,1,-1,1,0.65,1,0.15694447634059105
2020-08-21,1,1,0,1,-1,0,0.55,1,0.1540970735688001
2020-08-24,1,1,-1,1,-1,-1,0.30000000000000004,1,0.09995515369081587
2020-08-25,1,1,-1,1,-1,0,0.4,1,0.1358964324044481
2020-08-26,1,1,-1,1,-1,0,0.4,1,0.1405682858899072
2020-08-27,1,1,-1,1,-1,0,0.4,1,0.11047803005747578
2020-08-28,1,1,-1,1,-1,0,0.4,1,0.12350098848268838
2020-08-31,1,1,-1,1,-1,-1,0.30000000000000004,1,0.10539884533144406
2020-09-01,1,1,-1,1,0,-1,0.4,1,0.13286759046182672
2020-09-02,1,1,-1,1,-1,0,0.4,1,0.15946591412671576
2020-09-03,1,1,0,1,-1,0,0.55,1,0.20336602722897446
2020-09-04,1,1,-1,1,-1,0,0.4,1,0.15025440609670357
2020-09-07,1,1,-1,1,-1,-1,0.30000000000000004,1,0.12295513743806068
2020-09-08,1,0,0,1,0,0,0.45,1,0.1533879099828263
2020-09-09,1,0,0,1,0,-1,0.35,1,0.12203530039047494
2020-09-10,1,0,0,-1,0,0,0.04999999999999999,0,0.015564060086379412
2020-09-11,-1,0,0,-1,0,-1,-0.55,-1,0.1142040979100472
2020-09-14,-1,0,0,-1,0,1,-0.35,-1,0.08843999207257024
2020-09-15,1,0,0,-1,0,0,0.04999999999999999,0,0.013971439294360979
2020-09-16,1,0,0,-1,0,0,0.04999999999999999,0,0.01453771033972907
2020-09-17,1,0,0,-1,0,0,0.04999999999999999,0,0.01669673482934438
2020-09-18,1,0,0,-1,-1,0,-0.05000000000000002,0,0.018195016845536243
2020-09-21,1,0,0,-1,-1,0,-0.05000000000000002,0,0.020173208541755576
2020-09-22,1,0,0,-1,0,0,0.04999999999999999,0,0.015206524667367834
2020-09-23,1,0,0,-1,-1,0,-0.05000000000000002,0,0.017071865783681223
2020-09-24,1,1,0,1,-1,0,0.55,1,0.20231841565220496
2020-09-25,1,1,0,1,-1,0,0.55,1,0.1952967243075002
2020-09-28,1,1,0,1,0,0,0.65,1,0.2067039235523532
2020-09-29,1,1,0,1,-1,0,0.55,1,0.20335888836630825
2020-09-30,1,1,0,-1,0,-1,0.15,0,0.051541799024381926
2020-10-01,1,0,0,-1,0,0,0.04999999999999999,0,0.013605591080847428
2020-10-02,1,0,0,-1,-1,0,-0.05000000000000002,0,0.016231666109256374
2020-10-05,1,0,0,-1,-1,0,-0.05000000000000002,0,0.016696989131824696
2020-10-06,1,0,0,-1,0,1,0.15,0,0.05068601148298191
2020-10-07,1,0,0,-1,0,0,0.04999999999999999,0,0.01586115368903693
2020-10-08,1,0,0,-1,0,0,0.04999999999999999,0,0.013385586283881118
2020-10-09,1,0,0,-1,0,-1,-0.05000000000000002,0,0.01458439298795771
2020-10-12,-1,0,0,-1,1,0,-0.35,-1,0.02672433102371872
2020-10-13,-1,-1,0,-1,1,0,-0.55,-1,0.006279080077044153
2020-10-14,-1,-1,1,-1,1,0,-0.4,-1,0.004885114976244045
2020-10-15,-1,-1,1,-1,1,1,-0.30000000000000004,-1,0.0305157221764623
2020-10-16,-1,-1,1,-1,1,0,-0.4,-1,0.025981090410998452
2020-10-19,-1,-1,0,-1,0,0,-0.65,-1,0.002061880264994601
2020-10-20,-1,-1,0,-1,0,0,-0.65,-1,0.019563080283063434
2020-10-21,-1,-1,0,-1,0,0,-0.65,-1,0.035336246344850705
2020-10-22,-1,0,0,-1,0,1,-0.35,-1,0.024037965051363793
2020-10-23,-1,0,0,-1,0,0,-0.45,-1,0.031766759950040656
2020-10-26,1,0,0,-1,0,0,0.04999999999999999,0,0.004624361375360387
2020-10-27,1,0,0,1,0,-1,0.35,1,0.02798309075835459
2020-10-28,1,1,0,1,0,0,0.65,1,0.042526016084684974
2020-10-29,1,1,0,1,0,0,0.65,1,0.054761342796563785
2020-10-30,1,1,0,1,0,0,0.65,1,0.0669265055945551
2020-11-02,-1,0,0,1,0,0,-0.04999999999999999,0,0.0010747215412486642
2020-11-03,1,0,0,1,0,0,0.45,1,0.02865143081205553
2020-11-04,1,0,-1,1,0,0,0.30000000000000004,1,0.004723212517302
2020-11-05,1,0,0,1,0,0,0.45,1,0.00411429355421979
2020-11-06,1,0,0,1,0,0,0.45,1,0.011975378538150032
2020-11-09,1,0,0,1,0,0,0.45,1,0.0301126356422603
2020-11-10,-1,0,0,-1,0,0,-0.45,-1,0.025575240562473088
2020-11-11,-1,0,0,-1,0,0,-0.45,-1,0.0430487878236831
2020-11-12,-1,-1,0,-1,1,0,-0.55,-1,0.07495681438974919
2020-11-13,-1,-1,0,-1,1,0,-0.55,-1,0.06381956573139445
2020-11-16,-1,0,0,-1,1,0,-0.35,-1,0.033143563691779836
2020-11-17,-1,0,0,-1,0,0,-0.45,-1,0.011727503936013219
2020-11-18,1,0,0,-1,0,0,0.04999999999999999,0,0.00018401689414050158
2020-11-19,1,0,0,1,0,0,0.45,1,0.004582229983038522
2020-11-20,-1,0,0,1,0,0,-0.04999999999999999,0,0.0030550259950987433
2020-11-23,1,0,0,1,0,0,0.45,1,0.009152898550934629
2020-11-24,1,0,0,1,0,0,0.45,1,0.00030805945331126815
2020-11-25,-1,0,0,1,0,0,-0.04999999999999999,0,0.0014997591244091482
2020-11-26,-1,0,0,-1,1,0,-0.35,-1,0.03531342622410951
2020-11-27,-1,0,0,-1,0,0,-0.45,-1,0.044398819965744615
2020-11-30,-1,0,0,-1,0,0,-0.45,-1,0.026773273831438654
2020-12-01,-1,0,0,-1,1,0,-0.35,-1,0.04210546099184352
2020-12-02,-1,-1,0,-1,1,0,-0.55,-1,0.09206231613886218
2020-12-03,-1,-1,0,-1,1,1,-0.45000000000000007,-1,0.07928105349784952
2020-12-04,-1,-1,0,-1,1,1,-0.45000000000000007,-1,0.09396157426249055
2020-12-07,-1,-1,1,-1,1,0,-0.4,-1,0.10486411859104243
2020-12-08,-1,-1,1,-1,1,-1,-0.5,-1,0.14277004538348975
2020-12-09,-1,-1,0,-1,0,-1,-0.75,-1,0.13616947542545602
2020-12-10,-1,0,0,-1,0,0,-0.45,-1,0.07726440175096233
2020-12-11,-1,0,0,-1,0,0,-0.45,-1,0.07720711437563618
2020-12-14,-1,0,0,-1,0,-1,-0.55,-1,0.08801738131644027
2020-12-15,-1,0,0,-1,0,0,-0.45,-1,0.08294041381681665
2020-12-16,-1,0,0,1,0,0,-0.04999999999999999,0,0.009314760790850522
2020-12-17,-1,0,0,-1,0,1,-0.35,-1,0.07777916782084844
2020-12-18,-1,0,1,-1,0,0,-0.30000000000000004,-1,0.0710834254755053
2020-12-21,-1,0,1,-1,0,0,-0.30000000000000004,-1,0.07758514331817867
2020-12-22,-1,0,0,-1,0,0,-0.45,-1,0.10309220963063793
2020-12-23,-1,0,0,-1,1,0,-0.35,-1,0.09451754278065191
2020-12-24,-1,0,0,-1,1,0,-0.35,-1,0.10687075240186181
2020-12-25,-1,0,0,-1,0,0,-0.45,-1,0.11772281386023538
2020-12-28,-1,-1,0,-1,1,1,-0.45000000000000007,-1,0.153640738002161
2020-12-29,-1,-1,1,-1,1,0,-0.4,-1,0.15646058735126528
2020-12-30,-1,-1,1,-1,1,1,-0.30000000000000004,-1,0.12045532258600428
2020-12-31,-1,-1,1,-1,1,0,-0.4,-1,0.13647260435648415
2021-01-01,-1,-1,1,-1,1,0,-0.4,-1,0.13352459091567562
2021-01-04,-1,-1,1,-1,1,1,-0.30000000000000004,-1,0.10885192480907224
2021-01-05,-1,-1,1,-1,1,0,-0.4,-1,0.15150314179805677
2021-01-06,-1,-1,1,-1,1,0,-0.4,-1,0.20493420668341727
2021-01-07,-1,-1,1,-1,1,0,-0.4,-1,0.22274727386170318
2021-01-08,-1,-1,1,-1,1,0,-0.4,-1,0.23976678819395558
2021-01-11,-1,-1,1,-1,1,0,-0.4,-1,0.26147796943550344
2021-01-12,-1,-1,1,-1,1,0,-0.4,-1,0.21811976098527588
2021-01-13,-1,-1,1,-1,1,0,-0.4,-1,0.23469978129624602
2021-01-14,-1,-1,1,-1,1,0,-0.4,-1,0.18439180546161965
2021-01-15,-1,-1,0,-1,0,0,-0.65,-1,0.2560933203136154
2021-01-18,-1,-1,0,-1,0,0,-0.65,-1,0.2654856814726971
2021-01-19,-1,-1,0,1,0,0,-0.25,0,0.10808415848124288
2021-01-20,-1,-1,1,-1,1,0,-0.4,-1,0.19068971917889754
2021-01-21,-1,-1,1,-1,1,0,-0.4,-1,0.17990175627311555
2021-01-22,-1,-1,1,-1,1,-1,-0.5,-1,0.24187370673739372
2021-01-25,-1,0,1,-1,1,0,-0.20000000000000004,0,0.09254076625874547
2021-01-26,-1,0,0,-1,0,0,-0.45,-1,0.1922440049056366
2021-01-27,-1,0,0,1,1,-1,-0.04999999999999999,0,0.022894893956757333
2021-01-28,-1,0,0,1,0,0,-0.04999999999999999,0,0.018441198504979377
2021-01-29,-1,-1,0,1,0,0,-0.25,0,0.09550438592556007
2021-02-01,-1,0,0,1,0,0,-0.04999999999999999,0,0.018334092776228942
2021-02-02,-1,0,0,1,0,0,-0.04999999999999999,0,0.017669530581369434
2021-02-03,1,0,0,1,0,0,0.45,1,0.12992454608457774
2021-02-04,-1,0,0,1,0,0,-0.04999999999999999,0,0.01686536679812944
2021-02-05,-1,0,0,1,1,0,0.05000000000000002,0,0.017803368820327844
2021-02-08,-1,0,0,1,1,0,0.05000000000000002,0,0.018999993151651517
2021-02-09,-1,-1,0,1,1,0,-0.15,0,0.060418128600588664
2021-02-10,-1,0,0,1,1,-1,-0.04999999999999999,0,0.021023882132513914
2021-02-11,-1,-1,0,1,1,0,-0.15,0,0.05941021850557944
2021-02-12,-1,-1,0,1,1,0,-0.15,0,0.06592165088117768
2021-02-15,-1,-1,0,-1,1,0,-0.55,-1,0.2329018946046126
2021-02-16,-1,0,0,1,0,0,-0.04999999999999999,0,0.016406340463211405
2021-02-17,-1,-1,0,1,0,0,-0.25,0,0.08870782019962953
2021-02-18,-1,0,0,1,0,0,-0.04999999999999999,0,0.017447395294129003
2021-02-19,-1,0,0,1,0,0,-0.04999999999999999,0,0.01845464706701788
2021-02-22,1,0,0,1,0,0,0.45,1,0.09552492760486643
2021-02-23,1,0,0,1,0,0,0.45,1,0.09260655128659873
2021-02-24,1,0,0,1,0,0,0.45,1,0.09474845562540347
2021-02-25,1,1,0,1,-1,0,0.55,1,0.07428523633083235
2021-02-26,1,1,0,1,0,0,0.65,1,0.11549514452508408
2021-03-01,1,0,0,1,0,0,0.45,1,0.08769076356760941
2021-03-02,1,0,0,1,0,0,0.45,1,0.06602452012014304
2021-03-03,1,1,0,1,-1,0,0.55,1,0.059670335105300724
2021-03-04,1,1,-1,1,-1,0,0.4,1,0.008706357300433482
2021-03-05,1,1,0,1,-1,0,0.55,1,0.029401355498417457
2021-03-08,1,0,0,1,-1,-1,0.24999999999999997,0,0.011574724190478083
2021-03-09,1,0,0,1,0,0,0.45,1,0.03180800685477756
2021-03-10,1,1,0,1,-1,0,0.55,1,0.005491824637538749
2021-03-11,1,0,0,1,0,0,0.45,1,0.013911874923831061
2021-03-12,1,0,0,1,-1,0,0.35,1,0.002657462804154349
2021-03-15,1,1,0,1,-1,0,0.55,1,0.0286240471283072
2021-03-16,1,1,0,1,-1,0,0.55,1,0.041234220344172005
2021-03-17,1,1,0,1,-1,0,0.55,1,0.07646463187058976
2021-03-18,1,0,0,1,-1,0,0.35,1,0.02694459939535721
2021-03-19,1,1,-1,1,-1,0,0.4,1,0.05687604174914603
2021-03-22,1,1,0,1,-1,0,0.55,1,0.078096312624647
2021-03-23,1,1,0,1,-1,-1,0.45000000000000007,1,0.09320873746558732
2021-03-24,1,0,0,1,-1,0,0.35,1,0.04989929340712787
2021-03-25,1,1,0,1,0,0,0.65,1,0.09795294207573808
2021-03-26,1,0,0,1,0,0,0.45,1,0.06038502408735535
2021-03-29,1,0,0,1,0,0,0.45,1,0.07782295187093884
2021-03-30,1,0,0,1,0,0,0.45,1,0.07644403618890618
2021-03-31,1,0,0,1,-1,0,0.35,1,0.07321417096315862
2021-04-01,1,1,0,1,-1,1,0.65,1,0.16321561858280184
2021-04-02,1,0,0,1,-1,0,0.35,1,0.1026169515178634
2021-04-05,1,1,0,1,-1,0,0.55,1,0.16757531270943615
2021-04-06,1,0,0,1,-1,0,0.35,1,0.0985980872346051
2021-04-07,1,0,0,1,0,0,0.45,1,0.12227275847294088
2021-04-08,1,0,0,-1,0,0,0.04999999999999999,0,0.009836856651819
2021-04-09,1,0,0,-1,0,0,0.04999999999999999,0,0.012503504408572367
2021-04-12,1,1,0,1,-1,0,0.55,1,0.18609700330391035
2021-04-13,1,1,-1,1,-1,0,0.4,1,0.1448906907109852
2021-04-14,1,0,0,1,-1,0,0.35,1,0.10858403809625933
2021-04-15,1,0,0,1,0,0,0.45,1,0.11324954138420132
2021-04-16,1,0,0,-1,0,1,0.15,0,0.031343288564584924
2021-04-19,-1,0,0,-1,0,0,-0.45,-1,0.05718125585130219
2021-04-20,1,0,0,-1,0,0,0.04999999999999999,0,0.01003299012098931
2021-04-21,1,0,0,-1,0,0,0.04999999999999999,0,0.012643471403672859
2021-04-22,1,1,0,-1,-1,0,0.15,0,0.04733304982025712
2021-04-23,1,1,0,1,-1,0,0.55,1,0.18234383620398367
2021-04-26,1,0,0,1,-1,0,0.35,1,0.11316365542331948
2021-04-27,1,0,0,1,-1,0,0.35,1,0.10167969481558407
2021-04-28,1,0,0,1,0,0,0.45,1,0.12239110548151964
2021-04-29,1,0,0,1,0,0,0.45,1,0.12199219568714038
2021-04-30,1,0,0,-1,0,0,0.04999999999999999,0,0.01198781780180243
2021-05-03,1,1,0,1,-1,0,0.55,1,0.16053083088578335
2021-05-04,1,1,0,1,-1,0,0.55,1,0.16426455500212156
2021-05-05,1,0,0,1,0,0,0.45,1,0.12187896631248267
2021-05-06,1,0,0,-1,0,0,0.04999999999999999,0,0.012215629562715439
2021-05-07,1,0,-1,1,-1,0,0.20000000000000004,0,0.06146632287530669
2021-05-10,1,1,-1,1,-1,0,0.4,1,0.1619880655644061
2021-05-11,1,1,-1,1,-1,0,0.4,1,0.15994694843440238
2021-05-12,1,1,-1,1,-1,0,0.4,1,0.17570134078752406
2021-05-13,1,1,-1,1,-1,0,0.4,1,0.18992286483236534
2021-05-14,1,1,-1,1,-1,0,0.4,1,0.20645749851626757
2021-05-17,1,1,-1,1,-1,0,0.4,1,0.23453582076608906
2021-05-18,1,1,-1,1,-1,0,0.4,1,0.21027094332644272
2021-05-19,1,1,-1,1,-1,0,0.4,1,0.22229743269504781
2021-05-20,1,1,-1,1,-1,0,0.4,1,0.25172664135552547
2021-05-21,1,1,-1,1,-1,0,0.4,1,0.24158641009921822
2021-05-24,1,0,-1,1,0,-1,0.20000000000000004,0,0.09539633398201522
2021-05-25,1,0,0,-1,0,0,0.04999999999999999,0,0.017927125414213766
2021-05-26,1,0,-1,-1,0,0,-0.1,0,0.04107991386469649
2021-05-27,1,0,0,-1,0,0,0.04999999999999999,0,0.019563083783826953
2021-05-28,1,0,0,-1,0,0,0.04999999999999999,0,0.016359880812191547
2021-05-31,-1,0,0,-1,0,-1,-0.55,-1,0.14300401803395085
2021-06-01,-1,-1,0,-1,0,0,-0.65,-1,0.0976352389951025
2021-06-02,-1,-1,0,-1,0,0,-0.65,-1,0.10882918535791813
2021-06-03,-1,-1,0,-1,0,0,-0.65,-1,0.11041143426375422
2021-06-04,-1,-1,0,-1,1,0,-0.55,-1,0.0843170755672865
2021-06-07,-1,-1,0,-1,1,-1,-0.65,-1,0.05954151824931858
2021-06-08,-1,0,0,-1,1,0,-0.35,-1,0.0483616020584303
2021-06-09,-1,0,0,-1,0,0,-0.45,-1,0.08512027545804253
2021-06-10,-1,0,0,-1,0,0,-0.45,-1,0.06955578810337992
2021-06-11,-1,0,0,-1,1,0,-0.35,-1,0.03186084820362207
2021-06-14,-1,0,0,-1,0,-1,-0.55,-1,0.06385660583444261
2021-06-15,-1,0,0,-1,0,0,-0.45,-1,0.029939181407000293
2021-06-16,-1,0,0,-1,0,0,-0.45,-1,0.057571304049498735
2021-06-17,-1,0,0,-1,0,0,-0.45,-1,0.036511206952942306
2021-06-18,1,0,0,-1,0,0,0.04999999999999999,0,0.0059599252618670814
2021-06-21,1,1,0,-1,-1,0,0.15,0,0.027402758915452883
2021-06-22,1,1,0,1,-1,0,0.55,1,0.1289476426456941
2021-06-23,1,1,0,1,-1,0,0.55,1,0.14641555051745345
2021-06-24,1,1,0,1,-1,0,0.55,1,0.13606088927545346
2021-06-25,1,1,0,1,-1,0,0.55,1,0.0993905736746848
2021-06-28,1,1,0,1,0,0,0.65,1,0.11558563907677491
2021-06-29,1,1,0,1,0,0,0.65,1,0.08361116064933434
2021-06-30,1,0,0,1,0,0,0.45,1,0.04745789842523861
2021-07-01,1,0,0,1,0,0,0.45,1,0.06373153250749518
2021-07-02,1,0,0,1,0,0,0.45,1,0.07352722992909005
2021-07-05,1,0,-1,1,-1,0,0.20000000000000004,0,0.04432034754836433
2021-07-06,1,0,0,1,-1,0,0.35,1,0.08271106354324863
2021-07-07,1,0,-1,1,-1,0,0.20000000000000004,0,0.04707626834893076
2021-07-08,1,0,0,1,0,0,0.45,1,0.04787862352752421
2021-07-09,-1,0,0,-1,0,1,-0.35,-1,0.0313846847154844
2021-07-12,1,0,0,-1,0,0,0.04999999999999999,0,0.00566001586227822
2021-07-13,1,0,0,-1,0,0,0.04999999999999999,0,0.0048947732773014846
2021-07-14,1,0,0,-1,0,0,0.04999999999999999,0,0.006033321566646684
2021-07-15,1,0,0,-1,-1,-1,-0.15000000000000002,0,0.027823149707307104
2021-07-16,1,0,0,1,-1,0,0.35,1,0.07613018937114424
2021-07-19,1,0,-1,1,-1,0,0.20000000000000004,0,0.05145324741491367
2021-07-20,1,0,0,1,-1,0,0.35,1,0.07929286728353314
2021-07-21,1,0,0,1,0,0,0.45,1,0.07226050909327895
2021-07-22,1,0,0,1,-1,0,0.35,1,0.07096013903466493
2021-07-23,-1,0,0,-1,0,0,-0.45,-1,0.014951774907215944
2021-07-26,-1,0,0,-1,1,0,-0.35,-1,0.009629212060261258
2021-07-27,-1,0,0,-1,1,0,-0.35,-1,0.03205331698137818
2021-07-28,-1,-1,0,-1,1,0,-0.55,-1,0.04929454709154361
2021-07-29,-1,-1,0,-1,1,0,-0.55,-1,0.07111060685642191
2021-07-30,-1,-1,0,-1,1,0,-0.55,-1,0.09464788980956115
2021-08-02,-1,-1,0,-1,1,0,-0.55,-1,0.08318827629712443
2021-08-03,-1,-1,0,-1,1,0,-0.55,-1,0.10101776895950552
2021-08-04,-1,-1,1,-1,1,0,-0.4,-1,0.07235936255447319
2021-08-05,-1,-1,1,-1,1,0,-0.4,-1,0.07516028490752814
2021-08-06,-1,-1,1,-1,1,0,-0.4,-1,0.09599663653020334
2021-08-09,-1,-1,1,-1,0,0,-0.5,-1,0.08064763720300178
2021-08-10,-1,0,1,-1,0,1,-0.20000000000000004,0,0.025812447990983995
2021-08-11,-1,0,1,-1,0,0,-0.30000000000000004,-1,0.035026914640098765
2021-08-12,-1,0,0,-1,0,0,-0.45,-1,0.04103744413085663
2021-08-13,-1,0,0,1,0,0,-0.04999999999999999,0,0.004592113572559287
2021-08-16,1,0,0,1,0,0,0.45,1,0.012424815334997284
2021-08-17,1,1,0,1,0,0,0.65,1,0.0008843482305619469
2021-08-18,1,1,0,1,0,0,0.65,1,0.0021521168166145884
2021-08-19,1,0,0,1,0,0,0.45,1,0.02493146034849733
2021-08-20,1,1,0,1,-1,0,0.55,1,0.004645109566278397
2021-08-23,1,1,0,1,-1,0,0.55,1,0.0070546148466947844
2021-08-24,1,0,0,1,0,0,0.45,1,0.016165041177181393
2021-08-25,1,0,0,1,0,0,0.45,1,0.01093309801541194
2021-08-26,1,0,-1,1,0,0,0.30000000000000004,1,0.006224697533469605
2021-08-27,1,0,-1,1,-1,0,0.20000000000000004,0,0.005019511626176278
2021-08-30,1,0,-1,1,-1,1,0.30000000000000004,1,0.02145015205999982
2021-08-31,1,0,-1,1,-1,-1,0.10000000000000003,0,0.014817825962334125
2021-09-01,1,1,-1,1,-1,0,0.4,1,0.07097406338920453
2021-09-02,1,1,-1,1,-1,0,0.4,1,0.09259944753899646
2021-09-03,1,1,-1,1,-1,-1,0.30000000000000004,1,0.07088590337947515
2021-09-06,1,1,-1,1,-1,0,0.4,1,0.10348583694729602
2021-09-07,1,1,0,1,0,0,0.65,1,0.08598512688214688
2021-09-08,1,1,-1,1,0,0,0.5,1,0.07730302065924086
2021-09-09,1,1,-1,1,-1,0,0.4,1,0.0782035511012201
2021-09-10,1,1,-1,1,-1,0,0.4,1,0.10542861643404007
2021-09-13,1,1,-1,1,-1,-1,0.30000000000000004,1,0.06678151083515435
2021-09-14,1,0,-1,1,-1,0,0.20000000000000004,0,0.05000223141084559
2021-09-15,1,1,-1,1,-1,-1,0.30000000000000004,1,0.09353131997855432
2021-09-16,1,1,-1,1,-1,0,0.4,1,0.16693040455106303
2021-09-17,1,1,-1,1,-1,0,0.4,1,0.16296670084295178
2021-09-20,1,0,0,1,0,0,0.45,1,0.10247325795773456
2021-09-21,1,0,0,1,0,1,0.55,1,0.11672457195885712
2021-09-22,1,0,0,-1,0,0,0.04999999999999999,0,0.007601670533422285
2021-09-23,1,0,0,-1,0,1,0.15,0,0.02361742278535318
2021-09-24,1,0,0,-1,0,0,0.04999999999999999,0,0.009036231869610787
2021-09-27,-1,0,0,-1,0,0,-0.45,-1,0.06602280330612503
2021-09-28,-1,0,0,-1,0,0,-0.45,-1,0.06980734301523468
2021-09-29,-1,0,0,-1,0,0,-0.45,-1,0.05191695219862706
2021-09-30,-1,-1,0,-1,1,0,-0.55,-1,0.042697226845609365
2021-10-01,-1,-1,0,-1,1,0,-0.55,-1,0.017663588603998286
2021-10-04,-1,-1,0,-1,1,0,-0.55,-1,0.01719057262572267
2021-10-05,-1,-1,1,-1,1,0,-0.4,-1,0.02823722560503302
2021-10-06,-1,-1,1,-1,1,1,-0.30000000000000004,-1,0.019838483189902625
2021-10-07,-1,-1,1,-1,1,0,-0.4,-1,0.035346786355327287
2021-10-08,-1,-1,1,-1,0,0,-0.5,-1,0.000958572366781909
2021-10-11,-1,-1,1,-1,1,0,-0.4,-1,0.03450645533223123
2021-10-12,-1,-1,0,-1,0,0,-0.65,-1,0.017015604088821894
2021-10-13,1,0,0,-1,0,0,0.04999999999999999,0,0.004639679551596882
2021-10-14,1,0,0,1,0,-1,0.35,1,0.05384615888896427
2021-10-15,1,0,0,1,0,0,0.45,1,0.05381680728930554
2021-10-18,1,1,0,1,-1,0,0.55,1,0.11136686885027007
2021-10-19,1,1,0,1,-1,0,0.55,1,0.1377144968537287
2021-10-20,1,1,0,1,-1,0,0.55,1,0.11929809219927542
2021-10-21,1,1,0,1,0,0,0.65,1,0.08522689818553261
2021-10-22,1,1,0,1,0,0,0.65,1,0.08917232262209726
2021-10-25,1,1,0,1,0,0,0.65,1,0.0892173224335184
2021-10-26,1,1,0,1,0,0,0.65,1,0.07176815819740005
2021-10-27,1,0,0,1,0,0,0.45,1,0.04133311023477498
2021-10-28,1,0,0,1,0,-1,0.35,1,0.025666796206199865
2021-10-29,1,0,0,1,0,0,0.45,1,0.042959574728376165
2021-11-01,1,0,0,1,0,0,0.45,1,0.04520749684816885
2021-11-02,1,0,0,1,0,0,0.45,1,0.06510693701067834
2021-11-03,1,0,0,1,0,0,0.45,1,0.05961962814943922
2021-11-04,1,1,0,1,-1,0,0.55,1,0.11153795298685074
2021-11-05,1,1,0,1,-1,0,0.55,1,0.12236837724142391
2021-11-08,1,0,0,1,0,1,0.55,1,0.07902718614603077
2021-11-09,1,0,0,1,0,0,0.45,1,0.0719904229703989
2021-11-10,1,1,0,1,0,0,0.65,1,0.10812866776190111
2021-11-11,1,0,0,1,0,0,0.45,1,0.048945012659431394
2021-11-12,-1,0,0,-1,0,0,-0.45,-1,0.03976902482482475
2021-11-15,-1,0,0,-1,0,1,-0.35,-1,0.028523377294395174
2021-11-16,-1,0,0,-1,1,0,-0.35,-1,0.008069590926860487
2021-11-17,1,0,0,-1,0,0,0.04999999999999999,0,0.004905212971241047
2021-11-18,1,0,0,-1,0,0,0.04999999999999999,0,0.007948454999758296
2021-11-19,1,0,0,-1,0,-1,-0.05000000000000002,0,0.006353755971699587
2021-11-22,1,0,0,-1,0,0,0.04999999999999999,0,0.004471985688391481
2021-11-23,1,0,0,-1,0,0,0.04999999999999999,0,0.00493005171918707
2021-11-24,1,0,0,-1,0,0,0.04999999999999999,0,0.004968097013822137
2021-11-25,-1,0,0,-1,0,0,-0.45,-1,0.041799431349593165
2021-11-26,-1,0,0,-1,0,0,-0.45,-1,0.01968884978631606
2021-11-29,-1,0,0,-1,1,0,-0.35,-1,0.006060401361063882
2021-11-30,-1,0,0,-1,0,0,-0.45,-1,0.00906121768884749
2021-12-01,-1,0,0,-1,0,0,-0.45,-1,0.01993397519236676
2021-12-02,1,0,0,-1,0,0,0.04999999999999999,0,0.004779528935003568
2021-12-03,1,0,0,-1,0,0,0.04999999999999999,0,0.005358997803632793
2021-12-06,-1,0,0,-1,1,0,-0.35,-1,0.004586449604128182
2021-12-07,-1,-1,0,-1,1,0,-0.55,-1,0.036344150468805236
2021-12-08,-1,0,0,-1,1,-1,-0.44999999999999996,-1,0.016747070260490902
2021-12-09,-1,0,0,-1,0,0,-0.45,-1,0.009730559778362272
2021-12-10,-1,0,0,-1,1,0,-0.35,-1,0.008902061795990053
2021-12-13,-1,0,0,-1,1,0,-0.35,-1,0.018825326808506057
2021-12-14,-1,0,0,-1,1,0,-0.35,-1,0.02417838026150918
2021-12-15,-1,0,0,-1,1,0,-0.35,-1,0.025091923047444228
2021-12-16,-1,-1,0,-1,1,-1,-0.65,-1,0.07308525593886323
2021-12-17,-1,0,0,-1,0,0,-0.45,-1,0.013814445761457956
2021-12-20,-1,0,0,-1,1,0,-0.35,-1,0.02842014998632658
2021-12-21,-1,0,0,-1,0,0,-0.45,-1,0.034961215036415624
2021-12-22,-1,0,0,-1,1,0,-0.35,-1,0.03443016077140155
2021-12-23,-1,-1,1,-1,1,-1,-0.5,-1,0.07947551639049992
2021-12-24,-1,-1,0,-1,1,0,-0.55,-1,0.10612727447319499
2021-12-27,-1,-1,0,-1,1,0,-0.55,-1,0.13021162009222742
2021-12-28,-1,-1,1,-1,1,0,-0.4,-1,0.09349303184119791
2021-12-29,-1,-1,1,-1,1,0,-0.4,-1,0.10532528773746264
2021-12-30,-1,-1,1,-1,1,0,-0.4,-1,0.13268573354731528
2021-12-31,-1,-1,1,-1,1,1,-0.30000000000000004,-1,0.10363256065163234
2022-01-03,-1,-1,1,-1,1,0,-0.4,-1,0.14133387507009393
2022-01-04,-1,-1,1,-1,0,1,-0.4,-1,0.11994180231848302
2022-01-05,-1,-1,0,-1,0,0,-0.65,-1,0.18944547026988368
2022-01-06,-1,0,1,-1,0,0,-0.30000000000000004,-1,0.07331091970806386
2022-01-07,1,0,0,1,0,0,0.45,1,0.07484770234929258
2022-01-10,1,0,0,1,0,0,0.45,1,0.08013510294893335
2022-01-11,-1,0,0,1,0,0,-0.04999999999999999,0,0.009909539657701095
2022-01-12,1,0,0,1,0,-1,0.35,1,0.06577119575854272
2022-01-13,-1,0,0,1,0,0,-0.04999999999999999,0,0.010121260833888953
2022-01-14,-1,0,0,1,1,0,0.05000000000000002,0,0.01519679328877814
2022-01-17,-1,0,0,1,1,0,0.05000000000000002,0,0.015329974576354311
2022-01-18,-1,0,0,-1,1,0,-0.35,-1,0.10616745162096362
2022-01-19,-1,-1,0,-1,1,0,-0.55,-1,0.1994056567219796
2022-01-20,-1,-1,0,-1,1,0,-0.55,-1,0.23062586207293717
2022-01-21,-1,-1,0,-1,1,0,-0.55,-1,0.1928937109751506
2022-01-24,-1,-1,1,-1,1,0,-0.4,-1,0.15161780757963264
2022-01-25,-1,-1,1,-1,1,0,-0.4,-1,0.15182095606420778
2022-01-26,-1,-1,1,-1,1,0,-0.4,-1,0.14668229514680403
2022-01-27,-1,-1,1,-1,0,1,-0.4,-1,0.13675231424658052
2022-01-28,-1,-1,1,-1,0,1,-0.4,-1,0.13262793612999238
2022-01-31,-1,-1,1,-1,0,-1,-0.6,-1,0.2069952477076853
2022-02-01,-1,-1,1,-1,0,0,-0.5,-1,0.14540583458392328
2022-02-02,-1,0,0,1,0,1,0.05000000000000002,0,0.011125083209707787
2022-02-03,-1,0,0,1,0,0,-0.04999999999999999,0,0.01284834968958308
2022-02-04,-1,0,0,1,0,0,-0.04999999999999999,0,0.01606348262225225
2022-02-07,-1,0,0,1,0,0,-0.04999999999999999,0,0.014740969047070356
2022-02-08,-1,0,0,1,1,0,0.05000000000000002,0,0.0170634292974573
2022-02-09,-1,0,0,1,0,0,-0.04999999999999999,0,0.014651936216336746
2022-02-10,-1,0,0,1,0,0,-0.04999999999999999,0,0.0115848477819576
2022-02-11,-1,0,0,1,0,0,-0.04999999999999999,0,0.011159307142846839
2022-02-14,1,0,0,1,0,0,0.45,1,0.09574224509048462
2022-02-15,1,0,0,1,0,0,0.45,1,0.07977455739016094
2022-02-16,-1,0,0,1,0,0,-0.04999999999999999,0,0.011555962392521286
2022-02-17,-1,0,0,1,0,0,-0.04999999999999999,0,0.012634003657691382
2022-02-18,-1,0,0,1,0,0,-0.04999999999999999,0,0.01334505468273509
2022-02-21,1,0,0,1,0,0,0.45,1,0.10425786201965709
2022-02-22,1,1,0,1,0,0,0.65,1,0.13253260120529664
2022-02-23,1,0,0,1,0,0,0.45,1,0.09428061566351835
2022-02-24,1,0,0,1,0,0,0.45,1,0.08925235977622058
2022-02-25,1,0,0,1,0,0,0.45,1,0.07931051081849513
2022-02-28,-1,0,0,1,0,0,-0.04999999999999999,0,0.009430964054267415
2022-03-01,1,0,0,1,0,0,0.45,1,0.08262489155991748
2022-03-02,-1,0,0,1,1,0,0.05000000000000002,0,0.012177308969799861
2022-03-03,-1,0,0,1,0,0,-0.04999999999999999,0,0.011504478449926282
2022-03-04,-1,0,0,-1,1,0,-0.35,-1,0.10854148102552513
2022-03-07,-1,-1,1,-1,1,0,-0.4,-1,0.11913682148456012
2022-03-08,-1,-1,1,-1,1,0,-0.4,-1,0.15193957548717751
2022-03-09,-1,-1,1,-1,1,0,-0.4,-1,0.15440267684185624
2022-03-10,-1,-1,0,-1,1,0,-0.55,-1,0.1738752153025047
2022-03-11,-1,-1,1,-1,0,0,-0.5,-1,0.15232579355046055
2022-03-14,-1,-1,1,-1,1,0,-0.4,-1,0.12743155438071815
2022-03-15,-1,-1,0,-1,0,-1,-0.75,-1,0.20285604825659825
2022-03-16,-1,0,0,1,0,0,-0.04999999999999999,0,0.012394362773275614
2022-03-17,1,0,0,1,0,0,0.45,1,0.06264029186239169
2022-03-18,1,1,0,1,0,0,0.65,1,0.04226404618654433
2022-03-21,1,1,0,1,-1,-1,0.45000000000000007,1,0.010405776889322782
2022-03-22,1,1,0,1,-1,0,0.55,1,0.0032467648053498255
2022-03-23,1,1,0,1,-1,-1,0.45000000000000007,1,0.009845794492451048
2022-03-24,1,1,-1,1,0,-1,0.4,1,0.0016136738207099708
2022-03-25,1,1,-1,1,-1,1,0.5,1,0.004349856196014324
2022-03-28,1,1,-1,1,-1,0,0.4,1,0.03962341052355026
2022-03-29,1,1,-1,1,-1,0,0.4,1,0.020803851135623216
2022-03-30,1,1,-1,1,0,0,0.5,1,0.02346198307213228
2022-03-31,1,1,-1,1,-1,0,0.4,1,0.06450590401796749
2022-04-01,1,1,-1,1,-1,0,0.4,1,0.06041928323890473
2022-04-04,1,0,0,1,0,0,0.45,1,0.030444413401633213
2022-04-05,1,0,-1,1,-1,0,0.20000000000000004,0,0.03172124096830839
2022-04-06,1,1,-1,1,-1,0,0.4,1,0.08176281985554874
2022-04-07,1,1,-1,1,-1,0,0.4,1,0.10252448189155669
2022-04-08,1,1,-1,1,-1,0,0.4,1,0.11560782433324188
2022-04-11,1,1,-1,1,-1,0,0.4,1,0.12970194339429023
2022-04-12,1,1,-1,1,-1,1,0.5,1,0.18090584078247987
2022-04-13,1,1,-1,1,-1,0,0.4,1,0.16231968142439693
2022-04-14,1,1,-1,1,-1,0,0.4,1,0.16644821102491197
2022-04-15,1,1,-1,1,-1,0,0.4,1,0.14694086968620204
2022-04-18,1,1,-1,1,-1,0,0.4,1,0.16014595414276478
2022-04-19,1,1,-1,1,-1,0,0.4,1,0.16538634307523845
2022-04-20,1,1,-1,1,-1,0,0.4,1,0.16212013651130494
2022-04-21,1,0,0,1,0,0,0.45,1,0.13924721301895132
2022-04-22,1,0,-1,1,0,0,0.30000000000000004,1,0.0927365911662989
2022-04-25,1,0,0,-1,0,0,0.04999999999999999,0,0.013109572741762884
2022-04-26,1,0,0,-1,0,0,0.04999999999999999,0,0.01560173353718482
2022-04-27,1,0,0,-1,0,0,0.04999999999999999,0,0.018164416053960665
2022-04-28,1,0,0,-1,0,0,0.04999999999999999,0,0.021406609124867658
2022-04-29,1,0,0,-1,0,0,0.04999999999999999,0,0.020942740613474238
2022-05-02,1,0,0,-1,0,0,0.04999999999999999,0,0.023922230323736426
2022-05-03,1,0,0,-1,0,0,0.04999999999999999,0,0.027133712005381044
2022-05-04,1,0,0,-1,-1,0,-0.05000000000000002,0,0.029001952896054103
2022-05-05,-1,0,0,-1,0,1,-0.35,-1,0.12133315255268713
2022-05-06,1,0,0,-1,0,0,0.04999999999999999,0,0.01846962746999842
2022-05-09,1,0,0,-1,0,0,0.04999999999999999,0,0.020257302419562473
2022-05-10,1,0,0,-1,0,-1,-0.05000000000000002,0,0.01794168771781899
2022-05-11,1,0,0,-1,0,0,0.04999999999999999,0,0.018401512305540494
2022-05-12,1,0,0,-1,0,-1,-0.05000000000000002,0,0.01920446828477851
2022-05-13,-1,0,0,-1,0,-1,-0.55,-1,0.18074912618414612
2022-05-16,-1,0,0,-1,1,0,-0.35,-1,0.0714782735828327
2022-05-17,-1,0,0,-1,0,0,-0.45,-1,0.10996473484416852
2022-05-18,-1,-1,0,-1,1,0,-0.55,-1,0.0804859748923315
2022-05-19,-1,0,0,-1,0,0,-0.45,-1,0.08919731305784949
2022-05-20,-1,0,0,-1,0,0,-0.45,-1,0.09725217707386764
2022-05-23,-1,0,0,-1,0,0,-0.45,-1,0.10825655654996809
2022-05-24,1,0,0,-1,0,0,0.04999999999999999,0,0.013171320922458157
2022-05-25,1,0,0,-1,0,0,0.04999999999999999,0,0.014650089229601147
2022-05-26,1,0,0,-1,-1,0,-0.05000000000000002,0,0.01546363234716527
2022-05-27,1,1,0,1,-1,0,0.55,1,0.1979177672960344
2022-05-30,1,0,0,1,0,0,0.45,1,0.10203334653063174
2022-05-31,1,0,0,1,0,0,0.45,1,0.09179718228209084
2022-06-01,1,1,0,1,0,-1,0.55,1,0.10918034457381058
2022-06-02,-1,0,0,-1,0,0,-0.45,-1,0.06665922559171096
2022-06-03,-1,0,0,-1,1,0,-0.35,-1,0.003886726663178513
2022-06-06,-1,0,0,-1,0,0,-0.45,-1,0.044755440626486086
2022-06-07,1,0,0,-1,0,0,0.04999999999999999,0,0.005622945221880219
2022-06-08,-1,0,0,-1,0,0,-0.45,-1,0.022574248306143227
2022-06-09,-1,0,0,-1,0,0,-0.45,-1,0.01733163234613754
2022-06-10,-1,-1,0,-1,0,-1,-0.75,-1,0.0277131225666969
2022-06-13,-1,0,0,-1,0,0,-0.45,-1,0.02721822566588773
2022-06-14,1,0,0,-1,0,0,0.04999999999999999,0,0.005574105675305609
2022-06-15,1,0,0,-1,0,0,0.04999999999999999,0,0.004038622547236202
2022-06-16,1,0,0,1,0,0,0.45,1,0.05379994929792603
2022-06-17,1,1,0,1,-1,0,0.55,1,0.09009023454711075
2022-06-20,1,1,0,1,-1,0,0.55,1,0.10186949309183357
2022-06-21,1,1,0,1,-1,0,0.55,1,0.09074270500883921
2022-06-22,1,1,0,1,-1,0,0.55,1,0.08941287715841074
2022-06-23,1,1,-1,1,-1,0,0.4,1,0.07139668354677746
2022-06-24,1,1,-1,1,-1,0,0.4,1,0.06872572436528748
2022-06-27,1,0,0,1,0,0,0.45,1,0.0474987957813021
2022-06-28,1,0,0,1,0,0,0.45,1,0.03105512623751751
2022-06-29,1,0,0,-1,0,0,0.04999999999999999,0,0.004306973908385488
2022-06-30,1,0,-1,1,-1,0,0.20000000000000004,0,0.032392541070355885
2022-07-01,1,0,0,1,0,0,0.45,1,0.06647872862243918
2022-07-04,1,0,0,1,0,0,0.45,1,0.06872869237025873
2022-07-05,1,0,0,1,-1,0,0.35,1,0.0680189044960931
2022-07-06,1,0,0,1,-1,0,0.35,1,0.09529056399732207
2022-07-07,1,0,0,1,-1,0,0.35,1,0.1140466551237875
2022-07-08,1,1,0,1,-1,0,0.55,1,0.20829131972581505
2022-07-11,1,1,-1,1,-1,0,0.4,1,0.16218630500566628
2022-07-12,1,1,-1,1,-1,0,0.4,1,0.1844116175616772
2022-07-13,1,1,-1,1,-1,0,0.4,1,0.1668953289351296
2022-07-14,1,1,0,1,0,0,0.65,1,0.2149394369431571
2022-07-15,1,1,-1,1,-1,0,0.4,1,0.1461661421650939
2022-07-18,1,1,-1,1,-1,-1,0.30000000000000004,1,0.13017498212155607
2022-07-19,1,1,-1,1,-1,0,0.4,1,0.19642799082519605
2022-07-20,1,1,-1,1,-1,-1,0.30000000000000004,1,0.15936752773010862
2022-07-21,1,1,-1,1,-1,0,0.4,1,0.18815898396770833
2022-07-22,1,1,-1,1,-1,1,0.5,1,0.25137099826100484
2022-07-25,1,1,-1,1,-1,0,0.4,1,0.23346335690040665
2022-07-26,1,0,-1,1,0,0,0.30000000000000004,1,0.13265772030476225
2022-07-27,1,0,0,1,0,-1,0.35,1,0.10293393207782171
2022-07-28,1,0,0,-1,0,0,0.04999999999999999,0,0.01663166489634937
2022-07-29,1,1,0,-1,0,0,0.25,0,0.09088150194476226
2022-08-01,1,0,0,-1,0,0,0.04999999999999999,0,0.013833904217085883
2022-08-02,1,0,0,-1,0,0,0.04999999999999999,0,0.01649174731531672
2022-08-03,1,0,0,-1,0,0,0.04999999999999999,0,0.014173960619115727
2022-08-04,-1,0,0,-1,0,1,-0.35,-1,0.06603137417454823
2022-08-05,-1,-1,0,-1,0,0,-0.65,-1,0.1320486869959514
2022-08-08,-1,-1,0,-1,0,1,-0.55,-1,0.12322602639762967
2022-08-09,1,0,0,-1,0,0,0.04999999999999999,0,0.013174198302292335
2022-08-10,1,0,0,-1,0,1,0.15,0,0.041671217546777994
2022-08-11,1,0,0,-1,0,1,0.15,0,0.04593394902143033
2022-08-12,1,0,0,-1,0,0,0.04999999999999999,0,0.011946518969042691
2022-08-15,1,0,0,-1,0,0,0.04999999999999999,0,0.013375464993563152
2022-08-16,1,0,0,-1,0,0,0.04999999999999999,0,0.013685980445799488
2022-08-17,1,0,0,-1,0,0,0.04999999999999999,0,0.0128906019891287
2022-08-18,1,1,0,-1,0,0,0.25,0,0.07460000675596477
2022-08-19,1,0,0,-1,0,0,0.04999999999999999,0,0.011055774894312389
2022-08-22,1,0,0,-1,0,0,0.04999999999999999,0,0.011231180889180277
2022-08-23,-1,0,0,-1,0,0,-0.45,-1,0.06693531002388456
2022-08-24,-1,0,0,-1,0,0,-0.45,-1,0.07887708163273131
2022-08-25,-1,0,0,-1,0,0,-0.45,-1,0.07331773983557685
2022-08-26,-1,0,0,-1,0,0,-0.45,-1,0.059875177178576725
2022-08-29,1,0,0,-1,0,0,0.04999999999999999,0,0.009525096990566608
2022-08-30,1,0,0,-1,-1,0,-0.05000000000000002,0,0.012821942470441638
2022-08-31,1,1,0,1,-1,0,0.55,1,0.18181963258489123
2022-09-01,1,0,0,1,-1,0,0.35,1,0.10545881615545756
2022-09-02,1,1,0,1,-1,0,0.55,1,0.1975683919025816
2022-09-05,1,1,0,1,-1,0,0.55,1,0.18939132409363335
2022-09-06,1,1,0,1,-1,-1,0.45000000000000007,1,0.1535598004343322
2022-09-07,1,1,0,1,-1,0,0.55,1,0.17405272830516502
2022-09-08,1,1,-1,1,-1,0,0.4,1,0.12356084763696942
2022-09-09,1,1,-1,1,-1,0,0.4,1,0.1513895150965264
2022-09-12,1,1,-1,1,-1,0,0.4,1,0.14805769901785806
2022-09-13,1,1,-1,1,-1,0,0.4,1,0.1705118831893337
2022-09-14,1,0,-1,1,0,0,0.30000000000000004,1,0.09007208240701972
2022-09-15,1,1,-1,1,-1,0,0.4,1,0.1376018512602767
2022-09-16,1,0,0,1,0,0,0.45,1,0.10277838255623574
2022-09-19,1,0,0,-1,0,0,0.04999999999999999,0,0.009391169740739514
2022-09-20,1,0,0,-1,0,-1,-0.05000000000000002,0,0.01234236322669758
2022-09-21,1,0,0,-1,0,0,0.04999999999999999,0,0.010667851450072062
2022-09-22,1,0,0,-1,0,0,0.04999999999999999,0,0.009282812482401944
2022-09-23,1,0,0,-1,0,0,0.04999999999999999,0,0.010115236523098484
2022-09-26,1,0,0,-1,0,0,0.04999999999999999,0,0.00914514076526587
2022-09-27,1,0,0,-1,0,0,0.04999999999999999,0,0.010329323330762098
2022-09-28,1,0,0,-1,-1,0,-0.05000000000000002,0,0.013666784558225514
2022-09-29,1,0,0,-1,-1,0,-0.05000000000000002,0,0.012094651592353884
2022-09-30,1,0,0,-1,-1,0,-0.05000000000000002,0,0.01351987244870817
2022-10-03,1,0,0,-1,0,0,0.04999999999999999,0,0.010816091286353137
2022-10-04,1,0,0,-1,0,0,0.04999999999999999,0,0.00992782594838939
2022-10-05,1,0,0,-1,0,1,0.15,0,0.033406166685245556
2022-10-06,1,0,0,-1,0,0,0.04999999999999999,0,0.010505240190997033
2022-10-07,1,0,0,-1,-1,0,-0.05000000000000002,0,0.012384814172557249
2022-10-10,1,1,0,1,-1,0,0.55,1,0.1577276372751499
2022-10-11,1,0,0,-1,0,0,0.04999999999999999,0,0.010031563627768157
2022-10-12,1,0,0,-1,0,0,0.04999999999999999,0,0.010916095670007548
2022-10-13,1,0,0,-1,0,1,0.15,0,0.031326738053220324
2022-10-14,1,0,0,-1,0,0,0.04999999999999999,0,0.01167459372976437
2022-10-17,-1,0,0,-1,0,0,-0.45,-1,0.09497576765394677
2022-10-18,1,0,0,-1,-1,0,-0.05000000000000002,0,0.01552367312387422
2022-10-19,1,0,0,-1,-1,0,-0.05000000000000002,0,0.014569477205742098
2022-10-20,1,1,0,1,-1,0,0.55,1,0.20396539225072574
2022-10-21,1,0,0,1,-1,1,0.44999999999999996,1,0.14376717560098481
2022-10-24,1,1,-1,1,-1,0,0.4,1,0.15751643251324934
2022-10-25,1,1,-1,1,-1,0,0.4,1,0.18624294399804317
2022-10-26,1,1,-1,1,-1,0,0.4,1,0.1468460248514407
2022-10-27,1,1,0,1,-1,0,0.55,1,0.1724962805399536
2022-10-28,1,1,0,1,-1,0,0.55,1,0.1690324713757887
2022-10-31,1,1,-1,1,-1,0,0.4,1,0.1487866680620412
2022-11-01,1,1,-1,1,-1,0,0.4,1,0.14756767220886202
2022-11-02,1,1,-1,1,-1,0,0.4,1,0.15077440866811453
2022-11-03,1,1,-1,1,0,0,0.5,1,0.16182760208397673
2022-11-04,1,1,0,1,0,1,0.75,1,0.19652769559970173
2022-11-07,1,0,0,1,0,0,0.45,1,0.10716183089807577
2022-11-08,1,0,0,-1,0,0,0.04999999999999999,0,0.015102475355886606
2022-11-09,1,0,0,-1,0,0,0.04999999999999999,0,0.01370307692048552
2022-11-10,1,0,0,-1,0,0,0.04999999999999999,0,0.011991920729111209
2022-11-11,-1,0,0,-1,0,0,-0.45,-1,0.08185738018437233
2022-11-14,1,0,0,-1,0,0,0.04999999999999999,0,0.01141821168641751
2022-11-15,1,0,0,-1,0,0,0.04999999999999999,0,0.01103903450727497
2022-11-16,-1,0,0,-1,0,0,-0.45,-1,0.08017486094470358
2022-11-17,1,0,0,-1,0,0,0.04999999999999999,0,0.011423620120882409
2022-11-18,-1,0,0,-1,0,1,-0.35,-1,0.052064936423264686
2022-11-21,-1,0,0,-1,0,0,-0.45,-1,0.06886571414425767
2022-11-22,-1,0,0,-1,0,0,-0.45,-1,0.08274902775833212
2022-11-23,1,0,0,-1,0,-1,-0.05000000000000002,0,0.012652172049716531
2022-11-24,1,0,0,-1,0,0,0.04999999999999999,0,0.011444346099907826
2022-11-25,1,0,0,-1,0,0,0.04999999999999999,0,0.010692387804111567
2022-11-28,-1,0,0,-1,0,0,-0.45,-1,0.0804891377057698
2022-11-29,-1,0,0,-1,0,0,-0.45,-1,0.07723512975454264
2022-11-30,1,0,0,-1,-1,-1,-0.15000000000000002,0,0.032897698829852974
2022-12-01,1,0,0,-1,-1,0,-0.05000000000000002,0,0.012569949767888288
2022-12-02,1,0,0,-1,-1,0,-0.05000000000000002,0,0.011010763080908146
2022-12-05,1,0,0,-1,-1,0,-0.05000000000000002,0,0.011812467786066554
2022-12-06,1,0,0,-1,-1,0,-0.05000000000000002,0,0.012506827607658871
2022-12-07,1,0,0,1,-1,0,0.35,1,0.10153498454180068
2022-12-08,1,0,-1,1,-1,0,0.20000000000000004,0,0.06327233276682545
2022-12-09,1,0,0,1,0,-1,0.35,1,0.0844795488751104
2022-12-12,1,0,0,1,0,0,0.45,1,0.10237507556981384
2022-12-13,1,0,0,1,0,0,0.45,1,0.11130194399661013
2022-12-14,1,0,0,-1,0,0,0.04999999999999999,0,0.009242354609079123
2022-12-15,-1,0,0,-1,0,0,-0.45,-1,0.06286168341580209
2022-12-16,-1,0,0,-1,1,1,-0.24999999999999997,0,0.011032589745216776
2022-12-19,-1,0,0,-1,0,0,-0.45,-1,0.057559818873274486
2022-12-20,-1,0,0,-1,1,0,-0.35,-1,0.013722153087181057
2022-12-21,-1,-1,0,-1,1,0,-0.55,-1,0.007689927646267851
2022-12-22,-1,-1,0,-1,1,0,-0.55,-1,0.05386264033868511
2022-12-23,-1,-1,0,-1,1,0,-0.55,-1,0.050086554576095205
2022-12-26,-1,-1,0,-1,1,0,-0.55,-1,0.016547555087325715
2022-12-27,-1,-1,0,-1,0,0,-0.65,-1,0.017292113394058683
2022-12-28,-1,-1,0,-1,0,0,-0.65,-1,0.03445181249088064
2022-12-29,-1,-1,0,-1,1,0,-0.55,-1,0.05790033718219771
2022-12-30,-1,-1,1,-1,1,0,-0.4,-1,0.07282722508449528
2023-01-02,-1,-1,0,-1,1,0,-0.55,-1,0.06645885282534622
2023-01-03,-1,-1,0,-1,1,0,-0.55,-1,0.0909324222616789
2023-01-04,-1,0,0,-1,1,0,-0.35,-1,0.05340138458672703
2023-01-05,-1,0,0,-1,0,0,-0.45,-1,0.04929492156159706
2023-01-06,-1,0,0,-1,0,0,-0.45,-1,0.06657517865549466
2023-01-09,-1,0,0,-1,0,-1,-0.55,-1,0.08061634212430463
2023-01-10,-1,-1,0,-1,0,0,-0.65,-1,0.1066730720555688
2023-01-11,-1,-1,0,-1,0,0,-0.65,-1,0.11921833704321322
2023-01-12,-1,0,0,-1,1,0,-0.35,-1,0.06954173680445289
2023-01-13,-1,0,0,-1,0,0,-0.45,-1,0.061244768138791074
2023-01-16,-1,0,0,-1,1,0,-0.35,-1,0.07110965149890043
2023-01-17,-1,0,0,-1,1,0,-0.35,-1,0.0902576990727171
2023-01-18,-1,0,0,-1,1,0,-0.35,-1,0.08871279080237102
2023-01-19,-1,-1,0,-1,1,0,-0.55,-1,0.13950099987636086
2023-01-20,-1,-1,0,-1,1,0,-0.55,-1,0.1612281930477574
2023-01-23,-1,0,0,-1,1,0,-0.35,-1,0.08945442220244587
2023-01-24,-1,-1,0,-1,1,0,-0.55,-1,0.1662488200350441
2023-01-25,-1,-1,1,-1,1,0,-0.4,-1,0.13731871244933214
2023-01-26,-1,-1,1,-1,1,0,-0.4,-1,0.1302342343720969
2023-01-27,-1,-1,1,-1,1,0,-0.4,-1,0.14817582363213852
2023-01-30,-1,-1,1,-1,1,0,-0.4,-1,0.1600529697243355
2023-01-31,-1,0,0,-1,1,0,-0.35,-1,0.12570914983593848
2023-02-01,-1,0,0,1,0,0,-0.04999999999999999,0,0.009092451729857528
2023-02-02,1,0,0,1,0,0,0.45,1,0.07897355946328255
2023-02-03,1,0,0,1,0,0,0.45,1,0.07272838396726117
2023-02-06,-1,0,0,1,0,0,-0.04999999999999999,0,0.00983617557163608
2023-02-07,-1,0,0,1,0,0,-0.04999999999999999,0,0.00945684134244386
2023-02-08,-1,0,0,1,0,0,-0.04999999999999999,0,0.011455177544965304
2023-02-09,-1,0,0,1,0,0,-0.04999999999999999,0,0.010694099135689427
2023-02-10,-1,0,0,1,0,0,-0.04999999999999999,0,0.011500501003956451
2023-02-13,-1,0,0,1,0,0,-0.04999999999999999,0,0.010909571791982998
2023-02-14,1,0,0,1,0,-1,0.35,1,0.06630844788084224
2023-02-15,1,0,0,1,0,0,0.45,1,0.06609137455719084
2023-02-16,-1,0,0,1,0,0,-0.04999999999999999,0,0.010212974123160303
2023-02-17,1,0,0,1,0,1,0.55,1,0.07463039188909391
2023-02-20,1,0,0,1,-1,0,0.35,1,0.0373060551138449
2023-02-21,1,0,0,1,-1,0,0.35,1,0.03397625198066507
2023-02-22,1,1,0,1,-1,0,0.55,1,0.03425676558512741
2023-02-23,1,1,0,1,-1,0,0.55,1,0.00798620781889038
2023-02-24,1,1,0,1,-1,0,0.55,1,0.0259679520669815
2023-02-27,-1,0,0,1,0,0,-0.04999999999999999,0,0.00642548962056464
2023-02-28,-1,0,0,1,0,0,-0.04999999999999999,0,0.006666473577111342
2023-03-01,-1,0,0,1,0,0,-0.04999999999999999,0,0.008400880260232672
2023-03-02,-1,0,0,-1,1,0,-0.35,-1,0.0682783598246901
2023-03-03,-1,0,0,-1,1,0,-0.35,-1,0.07346979993588838
2023-03-06,-1,-1,0,-1,1,0,-0.55,-1,0.10582210701146508
2023-03-07,-1,-1,0,-1,0,0,-0.65,-1,0.11762473352640439
2023-03-08,-1,-1,0,-1,1,0,-0.55,-1,0.12310015389128419
2023-03-09,-1,-1,0,-1,0,0,-0.65,-1,0.10703699850576903
2023-03-10,-1,-1,0,-1,0,0,-0.65,-1,0.0852616443687318
2023-03-13,1,0,0,1,0,0,0.45,1,0.021699803583125222
2023-03-14,1,0,0,1,0,0,0.45,1,0.008686865102788478
2023-03-15,1,0,0,1,0,0,0.45,1,0.0027830609132734837
2023-03-16,1,1,0,1,0,0,0.65,1,0.025196256770756962
2023-03-17,1,1,0,1,0,-1,0.55,1,0.02388387212624322
2023-03-20,1,0,0,1,0,0,0.45,1,0.008717084900139824
2023-03-21,1,0,0,1,0,0,0.45,1,0.0012333990615702273
2023-03-22,1,1,0,1,0,-1,0.55,1,0.025560907170758873
2023-03-23,1,1,-1,1,-1,0,0.4,1,0.025929967707137767
2023-03-24,1,1,0,1,0,0,0.65,1,0.022479960896406692
2023-03-27,1,0,0,1,0,0,0.45,1,0.028073839977181245
2023-03-28,1,0,-1,1,-1,0,0.20000000000000004,0,0.02049687758469305
2023-03-29,1,0,-1,1,-1,0,0.20000000000000004,0,0.02806673499813044
2023-03-30,1,0,-1,1,-1,-1,0.10000000000000003,0,0.01579525591808897
2023-03-31,1,0,-1,1,-1,0,0.20000000000000004,0,0.0481484834111502
2023-04-03,1,1,0,1,-1,0,0.55,1,0.09167828392282662
2023-04-04,1,0,0,1,0,0,0.45,1,0.05149863279270353
2023-04-05,1,0,0,1,0,0,0.45,1,0.06160024158857638
2023-04-06,1,0,0,1,0,1,0.55,1,0.0904507937909589
2023-04-07,-1,0,0,-1,0,0,-0.45,-1,0.02095644204866371
2023-04-10,-1,0,0,-1,1,-1,-0.44999999999999996,-1,0.014458220592349564
2023-04-11,-1,0,0,-1,0,0,-0.45,-1,0.018883347454161436
2023-04-12,-1,0,0,-1,0,0,-0.45,-1,0.004103734802612633
2023-04-13,-1,0,0,-1,0,-1,-0.55,-1,0.001312443027914002
2023-04-14,-1,-1,0,-1,1,0,-0.55,-1,0.05432860362287277
2023-04-17,-1,-1,0,-1,1,0,-0.55,-1,0.057242625915719526
2023-04-18,-1,-1,0,-1,1,0,-0.55,-1,0.053891301154957445
2023-04-19,-1,-1,0,-1,1,1,-0.45000000000000007,-1,0.02887395763386154
2023-04-20,-1,-1,0,-1,0,0,-0.65,-1,0.018425449157550202
2023-04-21,-1,-1,0,-1,1,0,-0.55,-1,0.04634225204411249
2023-04-24,-1,0,0,-1,0,0,-0.45,-1,0.024127610213017604
2023-04-25,-1,0,0,-1,0,0,-0.45,-1,0.008917750702619114
2023-04-26,-1,0,0,-1,0,0,-0.45,-1,0.017956385679489047
2023-04-27,-1,0,0,-1,0,1,-0.35,-1,0.029456816949193203
2023-04-28,-1,0,0,-1,0,0,-0.45,-1,0.04591676283981614
2023-05-01,-1,0,1,-1,1,-1,-0.30000000000000004,-1,0.050717710365395956
2023-05-02,-1,0,0,-1,1,0,-0.35,-1,0.04668890631366841
2023-05-03,-1,0,0,-1,1,0,-0.35,-1,0.058021048040048345
2023-05-04,-1,0,0,-1,0,0,-0.45,-1,0.05357810121744476
2023-05-05,-1,0,0,-1,1,0,-0.35,-1,0.05141169962912852
2023-05-08,-1,0,0,-1,0,0,-0.45,-1,0.06676487708319678
2023-05-09,-1,0,0,-1,0,0,-0.45,-1,0.04219098255025539
2023-05-10,1,0,0,1,0,0,0.45,1,0.022903619748748518
2023-05-11,-1,0,0,1,0,0,-0.04999999999999999,0,0.004339438722697638
2023-05-12,1,0,0,1,0,0,0.45,1,0.023530242236880723
2023-05-15,1,1,0,1,0,0,0.65,1,0.029550869437645344
2023-05-16,-1,0,0,1,0,0,-0.04999999999999999,0,0.005713159593344563
2023-05-17,-1,0,0,1,1,0,0.05000000000000002,0,0.007899804597255972
2023-05-18,-1,0,0,1,0,0,-0.04999999999999999,0,0.00753141788857742
2023-05-19,-1,0,0,-1,1,0,-0.35,-1,0.06478061090523048
2023-05-22,-1,0,0,-1,1,0,-0.35,-1,0.06228266613622581
2023-05-23,-1,0,0,-1,1,0,-0.35,-1,0.07044658124484408
2023-05-24,-1,-1,0,-1,1,0,-0.55,-1,0.13882785006843215
2023-05-25,-1,-1,0,-1,1,0,-0.55,-1,0.16159205883737063
2023-05-26,-1,-1,0,-1,1,0,-0.55,-1,0.18648867607400785
2023-05-29,-1,-1,1,-1,1,1,-0.30000000000000004,-1,0.11362660260470403
2023-05-30,-1,-1,1,-1,1,1,-0.30000000000000004,-1,0.09672735711965941
2023-05-31,-1,-1,1,-1,1,1,-0.30000000000000004,-1,0.108809947063041
2023-06-01,-1,-1,1,-1,1,0,-0.4,-1,0.17382678359716533
2023-06-02,-1,-1,1,-1,1,-1,-0.5,-1,0.21925449096253216
2023-06-05,-1,-1,1,-1,1,0,-0.4,-1,0.16146750314243016
2023-06-06,-1,-1,1,-1,0,0,-0.5,-1,0.16506006325937544
2023-06-07,-1,0,0,-1,0,0,-0.45,-1,0.11265424384063129
2023-06-08,-1,0,0,1,0,0,-0.04999999999999999,0,0.013108831930760923
2023-06-09,1,0,0,1,0,0,0.45,1,0.07917105238043722
2023-06-12,1,0,0,1,0,0,0.45,1,0.08177850906431403
2023-06-13,1,0,0,1,0,0,0.45,1,0.09426377541308388
2023-06-14,1,1,0,1,-1,0,0.55,1,0.03959488805602152
2023-06-15,1,1,0,1,-1,0,0.55,1,0.03524363525975222
2023-06-16,1,1,0,1,-1,0,0.55,1,0.014791885113231477
2023-06-19,1,1,-1,1,-1,0,0.4,1,0.015751477696233387
2023-06-20,1,1,-1,1,-1,0,0.4,1,0.037296460193677286
2023-06-21,1,1,-1,1,-1,0,0.4,1,0.03125851897245826
2023-06-22,1,1,-1,1,-1,1,0.5,1,0.03159888524792124
2023-06-23,1,1,-1,1,0,0,0.5,1,0.009955468991251812
2023-06-26,1,1,-1,1,0,0,0.5,1,0.032167513906451325
2023-06-27,1,1,-1,1,0,0,0.5,1,0.030469898525574447
2023-06-28,1,0,0,1,0,0,0.45,1,0.014675285033078167
2023-06-29,1,0,0,1,0,0,0.45,1,0.036137064344825894
2023-06-30,1,0,-1,1,0,0,0.30000000000000004,1,0.04037482829004932
2023-07-03,1,0,-1,1,0,0,0.30000000000000004,1,0.032314235173013746
2023-07-04,1,0,0,1,-1,1,0.44999999999999996,1,0.07719450666490017
2023-07-05,1,0,0,1,-1,0,0.35,1,0.06275319815683673
2023-07-06,1,1,-1,1,-1,0,0.4,1,0.1066430989588349
2023-07-07,1,1,0,1,-1,0,0.55,1,0.13678639540114446
2023-07-10,1,1,0,1,-1,0,0.55,1,0.16166140373573842
2023-07-11,1,1,-1,1,-1,0,0.4,1,0.13791665336362557
2023-07-12,1,1,0,1,-1,0,0.55,1,0.1472991393340765
2023-07-13,1,1,-1,1,-1,0,0.4,1,0.11266316630529577
2023-07-14,1,0,0,1,0,0,0.45,1,0.08092282000703964
2023-07-17,1,0,0,-1,0,0,0.04999999999999999,0,0.008426650208005136
2023-07-18,1,0,0,-1,0,0,0.04999999999999999,0,0.010723361136251136
2023-07-19,-1,0,0,-1,0,0,-0.45,-1,0.0680867589056717
2023-07-20,1,0,0,-1,0,0,0.04999999999999999,0,0.008406895343724206
2023-07-21,1,0,0,-1,0,1,0.15,0,0.02907227332126241
2023-07-24,-1,0,0,-1,0,0,-0.45,-1,0.07685630969880082
2023-07-25,-1,-1,0,-1,0,0,-0.65,-1,0.07689071482632855
2023-07-26,-1,0,0,-1,0,0,-0.45,-1,0.04760078074887249
2023-07-27,-1,0,0,-1,0,0,-0.45,-1,0.06472190039949312
2023-07-28,-1,0,0,-1,0,0,-0.45,-1,0.056443275163522905
2023-07-31,-1,0,1,-1,0,0,-0.30000000000000004,-1,0.03591556210114714
2023-08-01,1,0,0,-1,0,0,0.04999999999999999,0,0.010853334470766857
2023-08-02,1,0,0,-1,0,-1,-0.05000000000000002,0,0.010059279969119176
2023-08-03,1,0,0,-1,0,0,0.04999999999999999,0,0.011832186872084934
2023-08-04,1,0,0,1,0,0,0.45,1,0.10197538681561462
2023-08-07,1,0,0,1,-1,0,0.35,1,0.09271738838402607
2023-08-08,1,1,-1,1,-1,0,0.4,1,0.13292417784936128
2023-08-09,1,1,-1,1,-1,0,0.4,1,0.14248661299641766
2023-08-10,1,1,-1,1,-1,0,0.4,1,0.14931873422521427
2023-08-11,1,1,-1,1,-1,0,0.4,1,0.16244093991535016
2023-08-14,1,1,-1,1,-1,1,0.5,1,0.18848497649709198
2023-08-15,1,1,-1,1,-1,0,0.4,1,0.15966237821876528
2023-08-16,1,0,-1,1,0,1,0.4,1,0.12457679166881831
2023-08-17,1,0,-1,1,0,0,0.30000000000000004,1,0.07885592646419166
2023-08-18,1,0,-1,-1,0,0,-0.1,0,0.026591391042107768
2023-08-21,1,0,0,-1,0,0,0.04999999999999999,0,0.0161768529855629
2023-08-22,1,0,-1,1,-1,0,0.20000000000000004,0,0.0788257256958224
2023-08-23,1,0,-1,1,-1,0,0.20000000000000004,0,0.07734608427873405
2023-08-24,1,0,0,1,0,0,0.45,1,0.12869758775964296
2023-08-25,1,0,0,1,0,0,0.45,1,0.12180448624445527
2023-08-28,1,0,0,-1,0,1,0.15,0,0.041708125231599856
2023-08-29,-1,0,0,-1,0,0,-0.45,-1,0.08664183760178328
2023-08-30,-1,0,0,-1,0,0,-0.45,-1,0.081356436534582
2023-08-31,-1,0,0,-1,0,0,-0.45,-1,0.06634502031369614
2023-09-01,-1,0,0,-1,1,0,-0.35,-1,0.02311361128028204
2023-09-04,-1,-1,0,-1,1,0,-0.55,-1,0.004877441293771895
2023-09-05,-1,-1,0,-1,1,0,-0.55,-1,0.027103246516311047
2023-09-06,-1,-1,0,-1,1,0,-0.55,-1,0.006305170792824864
2023-09-07,-1,-1,0,-1,1,0,-0.55,-1,0.006808207766771293
2023-09-08,-1,0,0,-1,0,0,-0.45,-1,0.01171985481837391
2023-09-11,-1,-1,1,-1,1,0,-0.4,-1,0.017573447266607086
2023-09-12,-1,-1,1,-1,1,0,-0.4,-1,0.03837456651124832
2023-09-13,-1,-1,1,-1,1,-1,-0.5,-1,0.05545609524391406
2023-09-14,-1,-1,1,-1,1,1,-0.30000000000000004,-1,0.024713740719741605
2023-09-15,-1,0,1,-1,0,0,-0.30000000000000004,-1,0.011977664009255814
2023-09-18,-1,0,0,-1,0,0,-0.45,-1,0.013206599201386969
2023-09-19,-1,0,0,-1,1,0,-0.35,-1,0.04571578349834369
2023-09-20,-1,-1,1,-1,1,0,-0.4,-1,0.08666819880261807
2023-09-21,-1,-1,0,-1,1,0,-0.55,-1,0.0965386947320081
2023-09-22,-1,-1,0,-1,1,0,-0.55,-1,0.12774142479649161
2023-09-25,-1,-1,0,-1,1,0,-0.55,-1,0.1345142746029725
2023-09-26,-1,0,0,-1,1,0,-0.35,-1,0.06589778839343792
2023-09-27,-1,-1,1,-1,1,0,-0.4,-1,0.09812298616191166
2023-09-28,-1,-1,1,-1,1,0,-0.4,-1,0.1219140397152251
2023-09-29,-1,-1,1,-1,1,0,-0.4,-1,0.11754460698020233
2023-10-02,-1,-1,0,-1,0,0,-0.65,-1,0.10908222426629872
2023-10-03,-1,0,0,-1,0,0,-0.45,-1,0.04781435452311183
2023-10-04,1,1,0,1,0,0,0.65,1,0.0031673075988786744
2023-10-05,1,0,0,1,0,0,0.45,1,0.014135503374005329
2023-10-06,1,1,0,1,-1,1,0.65,1,0.008544586668646189
2023-10-09,1,1,0,1,-1,0,0.55,1,0.003655185755352883
2023-10-10,1,1,0,1,-1,0,0.55,1,0.04781592515439381
2023-10-11,1,1,0,1,-1,1,0.65,1,0.030208979366799206
2023-10-12,1,1,0,1,-1,1,0.65,1,0.04817601050871555
2023-10-13,1,1,0,1,-1,-1,0.45000000000000007,1,0.02527589481967317
2023-10-16,1,1,0,1,-1,1,0.65,1,0.0497272983982751
2023-10-17,1,1,0,1,0,1,0.75,1,0.009642829902996163
2023-10-18,1,0,-1,1,0,0,0.30000000000000004,1,0.004094246629822809
2023-10-19,1,0,-1,1,0,0,0.30000000000000004,1,0.0024787235538191498
2023-10-20,-1,0,0,1,0,0,-0.04999999999999999,0,0.003233793578069719
2023-10-23,-1,0,0,-1,0,0,-0.45,-1,0.031657901206499285
2023-10-24,-1,-1,0,-1,0,0,-0.65,-1,0.025527340085093626
2023-10-25,-1,-1,0,-1,0,0,-0.65,-1,0.03790915007230337
2023-10-26,-1,0,0,-1,0,0,-0.45,-1,0.011137097447067437
2023-10-27,-1,0,0,-1,0,0,-0.45,-1,0.01756396590874453
2023-10-30,-1,-1,0,-1,0,0,-0.65,-1,0.03220388182419926
2023-10-31,-1,0,0,-1,0,0,-0.45,-1,0.00954216373143814
2023-11-01,-1,0,0,-1,0,0,-0.45,-1,0.026602700991310933
2023-11-02,-1,-1,1,-1,1,0,-0.4,-1,0.04749099738734648
2023-11-03,-1,0,1,-1,1,0,-0.20000000000000004,0,0.027687355364632786
2023-11-06,-1,0,0,-1,1,0,-0.35,-1,0.0357697019049765
2023-11-07,-1,0,0,-1,1,-1,-0.44999999999999996,-1,0.05624591210668205
2023-11-08,-1,0,0,-1,0,0,-0.45,-1,0.015634118262669833
2023-11-09,-1,0,0,-1,0,0,-0.45,-1,0.04806284557964837
2023-11-10,-1,0,0,-1,0,0,-0.45,-1,0.044148712533624276
2023-11-13,-1,0,0,-1,0,0,-0.45,-1,0.034744427322512865
2023-11-14,-1,0,0,-1,0,0,-0.45,-1,0.044077352205600405
2023-11-15,-1,0,0,-1,0,-1,-0.55,-1,0.037886059268586986
2023-11-16,-1,0,0,-1,0,0,-0.45,-1,0.0387630715903054
2023-11-17,-1,0,0,-1,1,0,-0.35,-1,0.06442421027483318
2023-11-20,-1,-1,1,-1,1,-1,-0.5,-1,0.09998926225062801
2023-11-21,-1,0,0,-1,1,0,-0.35,-1,0.0703446435093493
2023-11-22,-1,-1,0,-1,1,0,-0.55,-1,0.09136864632740961
2023-11-23,-1,0,0,-1,1,0,-0.35,-1,0.055383584051530384
2023-11-24,-1,0,0,-1,0,0,-0.45,-1,0.046300479134841706
2023-11-27,-1,0,0,-1,0,0,-0.45,-1,0.04583940272461239
2023-11-28,-1,0,1,-1,0,0,-0.30000000000000004,-1,0.04536339788454741
2023-11-29,-1,-1,0,-1,1,-1,-0.65,-1,0.10696826718069737
2023-11-30,-1,0,0,-1,1,0,-0.35,-1,0.06097994570033925
2023-12-01,-1,0,1,-1,1,0,-0.20000000000000004,0,0.03626713635635489
2023-12-04,-1,0,1,-1,1,0,-0.20000000000000004,0,0.045638377355694065
2023-12-05,-1,0,1,-1,1,-1,-0.30000000000000004,-1,0.06962992252514055
2023-12-06,-1,0,1,-1,0,-1,-0.4,-1,0.08593986375876296
2023-12-07,-1,0,0,-1,0,0,-0.45,-1,0.09585043412493358
2023-12-08,-1,-1,0,-1,1,0,-0.55,-1,0.1504898343130801
2023-12-11,-1,-1,0,-1,1,0,-0.55,-1,0.15300293957316724
2023-12-12,-1,0,0,-1,1,1,-0.24999999999999997,0,0.06987973759861096
2023-12-13,-1,0,1,-1,1,0,-0.20000000000000004,0,0.05951506569784383
2023-12-14,-1,-1,1,-1,1,1,-0.30000000000000004,-1,0.10123558757018118
2023-12-15,-1,0,1,-1,1,0,-0.20000000000000004,0,0.06879989597178704
2023-12-18,-1,0,1,-1,0,0,-0.30000000000000004,-1,0.0996590726903479
2023-12-19,-1,0,0,-1,0,-1,-0.55,-1,0.1803937483780274
2023-12-20,-1,0,1,1,0,0,0.1,0,0.036305105275456315
2023-12-21,-1,-1,1,-1,1,0,-0.4,-1,0.16839621653363152
2023-12-22,-1,-1,1,-1,1,0,-0.4,-1,0.20227648244185736
2023-12-25,-1,0,0,-1,1,-1,-0.44999999999999996,-1,0.16320604264661223
2023-12-26,-1,0,1,-1,1,1,-0.10000000000000003,0,0.040752768500655574
2023-12-27,-1,0,1,-1,1,0,-0.20000000000000004,0,0.08630120113499387
2023-12-28,-1,0,0,-1,1,1,-0.24999999999999997,0,0.10128117210773578
2023-12-29,-1,-1,1,-1,1,0,-0.4,-1,0.17466118449408782
2024-01-01,-1,0,0,-1,0,0,-0.45,-1,0.16248795268402932
2024-01-02,-1,0,0,1,0,0,-0.04999999999999999,0,0.015863132295082245
2024-01-03,-1,0,0,1,1,1,0.15000000000000002,0,0.054573710645091915
2024-01-04,-1,0,0,1,1,0,0.05000000000000002,0,0.018838136304189537
2024-01-05,-1,0,0,1,1,0,0.05000000000000002,0,0.019657300990375878
2024-01-08,-1,0,0,1,0,0,-0.04999999999999999,0,0.017327731747374994
2024-01-09,-1,0,0,1,0,0,-0.04999999999999999,0,0.01740156468067708
2024-01-10,-1,0,0,1,1,-1,-0.04999999999999999,0,0.018307985941557286
2024-01-11,-1,0,0,1,0,0,-0.04999999999999999,0,0.016431430198189805
2024-01-12,-1,0,0,1,1,1,0.15000000000000002,0,0.05731624609620328
2024-01-15,-1,0,0,1,0,0,-0.04999999999999999,0,0.015584220636962343
2024-01-16,1,0,0,1,-1,-1,0.24999999999999997,0,0.04082254475824483
2024-01-17,1,0,0,1,-1,-1,0.24999999999999997,0,0.03427380645016677
2024-01-18,1,0,0,1,0,0,0.45,1,0.08507648293907744
2024-01-19,-1,0,0,1,0,0,-0.04999999999999999,0,0.011856840667737895
2024-01-22,1,0,0,1,0,0,0.45,1,0.06713861076716249
2024-01-23,1,1,0,1,-1,0,0.55,1,0.027740115425741174
2024-01-24,1,1,0,1,-1,0,0.55,1,0.014311830102977617
2024-01-25,1,0,0,1,0,0,0.45,1,0.03787765254645566
2024-01-26,1,1,0,1,0,0,0.65,1,0.0470189332496074
2024-01-29,1,0,0,1,-1,0,0.35,1,0.016347577903288703
2024-01-30,1,0,0,1,0,0,0.45,1,0.023844587432565758
2024-01-31,1,0,0,1,-1,0,0.35,1,0.0052138589239790305
2024-02-01,1,0,0,1,0,0,0.45,1,0.012791483555086684
2024-02-02,1,1,0,1,-1,0,0.55,1,0.012122737925302197
2024-02-05,1,1,0,1,-1,0,0.55,1,0.05369193423749485
2024-02-06,1,1,0,1,-1,0,0.55,1,0.09123602757601147
2024-02-07,1,1,-1,1,-1,0,0.4,1,0.07844178334203109
2024-02-08,1,1,-1,1,-1,1,0.5,1,0.10234804613319062
2024-02-09,1,1,-1,1,-1,1,0.5,1,0.12142955569130995
2024-02-12,1,1,-1,1,-1,0,0.4,1,0.10868387293214808
2024-02-13,1,1,0,1,-1,1,0.65,1,0.13842873675655845
2024-02-14,1,1,-1,1,-1,-1,0.30000000000000004,1,0.07121978240783915
2024-02-15,1,1,-1,1,-1,0,0.4,1,0.09921464617366375
2024-02-16,1,1,-1,1,-1,0,0.4,1,0.1277265450844943
2024-02-19,1,1,-1,1,-1,0,0.4,1,0.140306662385202
2024-02-20,1,1,-1,1,-1,0,0.4,1,0.15637863322144052
2024-02-21,1,0,-1,1,-1,0,0.20000000000000004,0,0.07819830206224988
2024-02-22,1,0,-1,1,0,0,0.30000000000000004,1,0.13026717088828677
2024-02-23,1,0,-1,1,0,0,0.30000000000000004,1,0.12484568358470274
2024-02-26,1,0,-1,1,-1,0,0.20000000000000004,0,0.09535538159838297
2024-02-27,1,1,-1,1,-1,0,0.4,1,0.21553728395314106
2024-02-28,1,1,-1,1,-1,0,0.4,1,0.2501848083780439
2024-02-29,1,1,-1,1,-1,0,0.4,1,0.24824855912103108
2024-03-01,1,1,-1,1,-1,0,0.4,1,0.2600273265675715
2024-03-04,1,1,-1,1,-1,0,0.4,1,0.3052422435693707
2024-03-05,1,1,-1,1,-1,0,0.4,1,0.30745062447676497
2024-03-06,1,1,-1,1,-1,0,0.4,1,0.3279448955971268
2024-03-07,1,1,-1,1,-1,0,0.4,1,0.3258421575222862
2024-03-08,1,1,-1,1,-1,-1,0.30000000000000004,1,0.2494143695689484
2024-03-11,1,1,-1,1,-1,0,0.4,1,0.25126027201055
2024-03-12,1,1,-1,1,-1,0,0.4,1,0.2858818173352804
2024-03-13,1,0,-1,1,-1,0,0.20000000000000004,0,0.14479696992085725
2024-03-14,1,1,-1,1,-1,0,0.4,1,0.30392759826941235
2024-03-15,1,1,-1,1,-1,0,0.4,1,0.31595760600162875
2024-03-18,1,1,-1,1,-1,0,0.4,1,0.30416366564525127
2024-03-19,1,0,0,-1,0,0,0.04999999999999999,0,0.026073647127309994
2024-03-20,1,0,0,-1,0,0,0.04999999999999999,0,0.026000093741514105
2024-03-21,1,0,0,-1,0,0,0.04999999999999999,0,0.022293498468533155
2024-03-22,1,0,0,-1,-1,0,-0.05000000000000002,0,0.025392101975633533
2024-03-25,1,0,0,-1,-1,0,-0.05000000000000002,0,0.025684955692696545
2024-03-26,1,0,0,-1,0,0,0.04999999999999999,0,0.023089004199786718
2024-03-27,1,0,0,-1,-1,-1,-0.15000000000000002,0,0.0782497403852856
2024-03-28,1,0,0,-1,-1,0,-0.05000000000000002,0,0.024662115200945398
2024-03-29,1,0,0,-1,0,0,0.04999999999999999,0,0.019739488650662003
2024-04-01,1,0,0,-1,0,0,0.04999999999999999,0,0.01954759128262704
2024-04-02,1,0,0,-1,-1,0,-0.05000000000000002,0,0.021729126964505022
2024-04-03,1,0,0,-1,0,0,0.04999999999999999,0,0.017016704137066154
2024-04-04,1,1,0,-1,-1,0,0.15,0,0.05972933332164476
2024-04-05,1,1,0,-1,-1,0,0.15,0,0.0650565679230659
2024-04-08,1,0,0,-1,-1,-1,-0.15000000000000002,0,0.05763801576994113
2024-04-09,1,0,0,-1,-1,0,-0.05000000000000002,0,0.018713560233521234
2024-04-10,1,0,0,-1,0,0,0.04999999999999999,0,0.01637950341791516
2024-04-11,1,0,0,-1,0,0,0.04999999999999999,0,0.015646904504544996
2024-04-12,1,0,0,-1,0,0,0.04999999999999999,0,0.015605269204710495
2024-04-15,1,0,0,-1,0,0,0.04999999999999999,0,0.015013670662283957
2024-04-16,1,0,0,-1,0,0,0.04999999999999999,0,0.015524568680049042
2024-04-17,1,0,0,-1,0,0,0.04999999999999999,0,0.01283004817698636
2024-04-18,-1,-1,0,-1,1,0,-0.55,-1,0.06514195513357193
2024-04-19,-1,-1,0,-1,1,0,-0.55,-1,0.0840261108755399
2024-04-22,1,0,0,-1,0,0,0.04999999999999999,0,0.010281886089145988
2024-04-23,1,0,0,-1,-1,0,-0.05000000000000002,0,0.01269732136078962
2024-04-24,1,0,0,-1,-1,0,-0.05000000000000002,0,0.013641095991506308
2024-04-25,1,0,0,-1,-1,0,-0.05000000000000002,0,0.012690000993243314
2024-04-26,1,0,0,1,-1,0,0.35,1,0.09259905926334545
2024-04-29,1,0,0,1,0,0,0.45,1,0.099601287250002
2024-04-30,1,0,0,1,0,0,0.45,1,0.10858774915972831
2024-05-01,1,0,0,1,-1,-1,0.24999999999999997,0,0.06933617688073032
2024-05-02,1,1,0,1,-1,0,0.55,1,0.174904078477918
2024-05-03,1,1,0,1,-1,0,0.55,1,0.2091413099132516
2024-05-06,1,1,-1,1,-1,0,0.4,1,0.18021016247186913
2024-05-07,1,1,-1,1,-1,0,0.4,1,0.1748421428330558
2024-05-08,1,1,-1,1,-1,0,0.4,1,0.17548760460043594
2024-05-09,1,1,-1,1,-1,0,0.4,1,0.18767149310027392
2024-05-10,1,1,-1,1,-1,0,0.4,1,0.16161037339240183
2024-05-13,1,1,-1,1,-1,0,0.4,1,0.16719887222389765
2024-05-14,1,1,-1,1,-1,0,0.4,1,0.18951035801872151
2024-05-15,1,1,-1,1,-1,0,0.4,1,0.1919714252640302
2024-05-16,1,1,-1,1,-1,0,0.4,1,0.2744074853811008
2024-05-17,1,1,-1,1,-1,0,0.4,1,0.26193759250244764
2024-05-20,1,1,-1,1,-1,0,0.4,1,0.29540651435357246
2024-05-21,1,1,-1,1,-1,0,0.4,1,0.3104473322750294
2024-05-22,1,1,-1,1,-1,-1,0.30000000000000004,1,0.19943511442139447
2024-05-23,1,1,-1,1,-1,0,0.4,1,0.27459438592201757
2024-05-24,1,1,-1,1,-1,0,0.4,1,0.28612362289854903
2024-05-27,1,1,-1,1,-1,0,0.4,1,0.3043420325747372
2024-05-28,1,1,-1,1,-1,0,0.4,1,0.28520668602883165
2024-05-29,1,1,-1,1,0,0,0.5,1,0.3239200814486215
2024-05-30,1,1,-1,1,0,0,0.5,1,0.32345936632110783
2024-05-31,1,0,-1,-1,0,0,-0.1,0,0.05569952679726864
2024-06-03,1,0,0,-1,0,-1,-0.05000000000000002,0,0.02614426518977806
2024-06-04,1,0,-1,-1,0,0,-0.1,0,0.05765315788649451
2024-06-05,1,0,-1,-1,-1,-1,-0.30000000000000004,-1,0.18466072472112047
2024-06-06,1,0,-1,-1,-1,0,-0.2,0,0.11823909475946827
2024-06-07,1,0,0,-1,0,0,0.04999999999999999,0,0.0299676260263889
2024-06-10,1,0,0,-1,0,0,0.04999999999999999,0,0.02752006219892537
2024-06-11,1,0,0,-1,0,0,0.04999999999999999,0,0.026865351971266587
2024-06-12,1,0,0,-1,0,0,0.04999999999999999,0,0.022569939966876108
2024-06-13,-1,0,0,-1,0,0,-0.45,-1,0.19733439072788675
2024-06-14,-1,0,0,-1,0,0,-0.45,-1,0.1674493802686228
2024-06-17,-1,0,0,-1,1,0,-0.35,-1,0.10806509113506117
2024-06-18,-1,0,0,-1,1,0,-0.35,-1,0.09985908147745476
2024-06-19,-1,-1,0,-1,1,0,-0.55,-1,0.1770706508675132
2024-06-20,-1,-1,0,-1,1,0,-0.55,-1,0.1576974079231052
2024-06-21,-1,0,0,-1,0,0,-0.45,-1,0.1432742542074046
2024-06-24,-1,-1,1,-1,1,0,-0.4,-1,0.08718730575804293
2024-06-25,-1,0,1,-1,0,0,-0.30000000000000004,-1,0.07592480918741841
2024-06-26,-1,0,0,-1,0,0,-0.45,-1,0.13573153917955452
2024-06-27,1,0,0,-1,-1,0,-0.05000000000000002,0,0.018081225299338935
2024-06-28,1,0,0,-1,-1,0,-0.05000000000000002,0,0.018613987030845477
2024-07-01,1,1,0,1,-1,0,0.55,1,0.20525492229213269
2024-07-02,1,1,0,1,-1,0,0.55,1,0.24178111628252028
2024-07-03,1,0,0,1,0,0,0.45,1,0.11049901154949371
2024-07-04,1,1,0,1,0,0,0.65,1,0.17633999068025366
2024-07-05,1,0,0,1,0,0,0.45,1,0.11392353827609486
2024-07-08,1,1,0,1,-1,0,0.55,1,0.1553586322741235
2024-07-09,1,0,0,1,0,0,0.45,1,0.09559035598725978
2024-07-10,-1,0,0,-1,0,0,-0.45,-1,0.06032768761413801
2024-07-11,-1,0,0,-1,0,0,-0.45,-1,0.040192243234520655
2024-07-12,-1,-1,0,-1,0,0,-0.65,-1,0.029303949856369565
2024-07-15,-1,-1,0,-1,0,0,-0.65,-1,0.00836293222116484
2024-07-16,-1,-1,0,-1,0,-1,-0.75,-1,0.021105768170276897
2024-07-17,-1,-1,1,-1,1,0,-0.4,-1,0.01802530643549792
2024-07-18,-1,-1,0,-1,0,0,-0.65,-1,0.006800430909114791
2024-07-19,-1,0,0,-1,0,0,-0.45,-1,0.022308984709916456
2024-07-22,-1,0,0,-1,0,0,-0.45,-1,0.022561329875772813
2024-07-23,1,0,0,-1,0,0,0.04999999999999999,0,0.004014316977193638
2024-07-24,1,0,0,-1,0,0,0.04999999999999999,0,0.0038824195730751123
2024-07-25,1,0,0,1,0,1,0.55,1,0.0667258601292737
2024-07-26,1,0,0,1,0,0,0.45,1,0.03228010362021114
2024-07-29,1,1,0,1,0,0,0.65,1,0.0645903646940303
2024-07-30,1,1,0,1,-1,0,0.55,1,0.07369329195505353
2024-07-31,1,1,0,1,-1,0,0.55,1,0.09889305661305588
2024-08-01,1,1,0,1,0,0,0.65,1,0.045439507415011515
2024-08-02,1,0,0,1,0,0,0.45,1,0.020825148919070398
2024-08-05,-1,0,0,1,0,0,-0.04999999999999999,0,0.0003879358717217602
2024-08-06,1,0,0,1,0,0,0.45,1,0.02068740815735368
2024-08-07,1,0,0,1,-1,0,0.35,1,0.03772946250129619
2024-08-08,1,0,0,1,0,0,0.45,1,0.03159985604001106
2024-08-09,1,0,0,1,0,0,0.45,1,0.023597757134865848
2024-08-12,1,0,0,1,0,0,0.45,1,0.04189573550212969
2024-08-13,1,0,0,1,0,0,0.45,1,0.03511690664387344
2024-08-14,1,0,0,1,-1,0,0.35,1,0.05043962071746441
2024-08-15,1,1,0,1,-1,0,0.55,1,0.11053156360289555
2024-08-16,1,1,0,1,-1,0,0.55,1,0.1439367037564101
2024-08-19,1,1,0,1,-1,0,0.55,1,0.13633589425338802
2024-08-20,1,0,0,1,0,0,0.45,1,0.07256522241154281
2024-08-21,-1,0,0,1,0,0,-0.04999999999999999,0,0.0018574365434423314
2024-08-22,1,0,0,1,0,0,0.45,1,0.05141421582018525
2024-08-23,1,1,0,1,-1,0,0.55,1,0.1050952663536063
2024-08-26,1,1,0,1,-1,0,0.55,1,0.11405788717099964
2024-08-27,1,1,0,1,-1,0,0.55,1,0.13175852340725713
2024-08-28,1,1,0,1,-1,0,0.55,1,0.1360070467639167
2024-08-29,1,1,-1,1,-1,0,0.4,1,0.11533396960880508
2024-08-30,1,0,0,1,0,0,0.45,1,0.08349617044365282
2024-09-02,1,0,0,1,0,0,0.45,1,0.0913345585407551
2024-09-03,1,0,0,1,0,0,0.45,1,0.08052635229729814
2024-09-04,1,1,0,1,0,0,0.65,1,0.12093870232751845
2024-09-05,1,0,0,-1,0,0,0.04999999999999999,0,0.00854039417342379
2024-09-06,1,0,0,-1,0,0,0.04999999999999999,0,0.007011756294107839
2024-09-09,-1,0,0,-1,0,0,-0.45,-1,0.04277473023797548
2024-09-10,-1,0,0,-1,0,0,-0.45,-1,0.030089495713438406
2024-09-11,-1,-1,0,-1,1,0,-0.55,-1,0.021753100188588698
2024-09-12,-1,-1,0,-1,1,0,-0.55,-1,0.02288875662557124
2024-09-13,-1,0,0,-1,0,0,-0.45,-1,0.04063456401769952
2024-09-16,-1,0,0,-1,0,0,-0.45,-1,0.044221033986286004
2024-09-17,-1,0,0,-1,0,0,-0.45,-1,0.03600870335869333
2024-09-18,-1,0,0,-1,0,0,-0.45,-1,0.053013330001654244
2024-09-19,-1,0,0,-1,0,0,-0.45,-1,0.060682141216846675
2024-09-20,-1,0,1,-1,1,0,-0.20000000000000004,0,0.0021421671041202384
2024-09-23,-1,0,0,-1,0,0,-0.45,-1,0.01899862648655145
2024-09-24,1,0,0,-1,0,0,0.04999999999999999,0,0.006569002189669728
2024-09-25,-1,0,0,-1,0,0,-0.45,-1,0.01848271780584855
2024-09-26,-1,0,0,-1,0,0,-0.45,-1,0.017400438031154493
2024-09-27,-1,0,0,-1,0,0,-0.45,-1,0.01584747388263482
2024-09-30,-1,0,0,-1,0,0,-0.45,-1,0.020008517958951044
2024-10-01,-1,0,0,-1,0,0,-0.45,-1,0.007104909658232384
2024-10-02,-1,0,0,-1,0,0,-0.45,-1,0.00822199771864749
2024-10-03,-1,0,0,-1,1,0,-0.35,-1,0.009426316258103905
2024-10-04,-1,0,0,-1,0,-1,-0.55,-1,0.014236114362065209
2024-10-07,1,0,0,-1,0,0,0.04999999999999999,0,0.0035168408901032283
2024-10-08,1,0,0,-1,0,0,0.04999999999999999,0,0.001885108064698343
2024-10-09,-1,0,0,-1,0,0,-0.45,-1,0.002155298002360622
2024-10-10,-1,0,0,-1,0,0,-0.45,-1,0.009985407139734528
2024-10-11,1,0,0,1,-1,0,0.35,1,0.03911271767287864
2024-10-14,1,1,0,1,-1,0,0.55,1,0.08326166945947136
2024-10-15,1,1,-1,1,-1,0,0.4,1,0.06465179653173236
2024-10-16,1,1,-1,1,-1,1,0.5,1,0.08851739149338379
2024-10-17,1,1,-1,1,-1,0,0.4,1,0.08482310117173472
2024-10-18,1,1,0,1,-1,0,0.55,1,0.09619752118051625
2024-10-21,1,1,-1,1,-1,0,0.4,1,0.09965550691094116
2024-10-22,1,1,-1,1,-1,0,0.4,1,0.10369043971857146
2024-10-23,1,1,-1,1,-1,0,0.4,1,0.08226540102017202
2024-10-24,1,1,-1,1,-1,0,0.4,1,0.093316174177442
2024-10-25,1,0,0,1,0,0,0.45,1,0.07603794034415316
2024-10-28,1,0,0,1,0,0,0.45,1,0.04262460752202376
2024-10-29,-1,0,0,-1,0,0,-0.45,-1,0.026210456378915066
2024-10-30,-1,0,0,-1,0,0,-0.45,-1,0.014514154277288437
2024-10-31,-1,-1,0,-1,0,-1,-0.75,-1,0.007613809268657422
2024-11-01,-1,-1,0,-1,0,0,-0.65,-1,0.021977137638140052
2024-11-04,-1,-1,0,-1,1,0,-0.55,-1,0.03162227437569608
2024-11-05,-1,-1,0,-1,1,0,-0.55,-1,0.04148636368686963
2024-11-06,-1,-1,1,-1,1,0,-0.4,-1,0.02709737924629353
2024-11-07,-1,-1,0,-1,0,0,-0.65,-1,0.024166325368186088
2024-11-08,-1,-1,1,-1,0,0,-0.5,-1,0.006939266828744582
2024-11-11,-1,0,1,-1,0,0,-0.30000000000000004,-1,0.0004479931687633402
2024-11-12,1,0,0,-1,0,0,0.04999999999999999,0,0.004093475916744315
2024-11-13,1,0,0,1,0,1,0.55,1,0.05927908407826822
2024-11-14,-1,0,0,-1,0,0,-0.45,-1,0.005271266900659177
2024-11-15,-1,0,0,-1,0,0,-0.45,-1,0.0002768607466325079
2024-11-18,-1,0,0,-1,0,0,-0.45,-1,0.0031483312873355623
2024-11-19,-1,0,0,-1,0,-1,-0.55,-1,0.005550063219596878
2024-11-20,1,0,0,-1,0,0,0.04999999999999999,0,0.0014653661482021821
2024-11-21,1,1,0,1,-1,0,0.55,1,0.059149755409023654
2024-11-22,1,0,0,1,0,0,0.45,1,0.018654411418061952
2024-11-25,1,0,0,1,0,0,0.45,1,0.0032197826009859273
2024-11-26,-1,0,0,-1,0,0,-0.45,-1,0.011342269305411993
2024-11-27,-1,-1,0,-1,0,0,-0.65,-1,0.035303412263930106
2024-11-28,-1,0,0,-1,1,0,-0.35,-1,0.032751236433976254
2024-11-29,-1,0,0,-1,0,0,-0.45,-1,0.02097518306905039
2024-12-02,-1,0,0,-1,1,0,-0.35,-1,0.03710716358201617
2024-12-03,-1,0,0,-1,0,0,-0.45,-1,0.013284321847843502
2024-12-04,1,0,0,-1,0,0,0.04999999999999999,0,0.0006185360764217285
2024-12-05,1,0,0,1,0,-1,0.35,1,0.0091479001152323
2024-12-06,-1,0,0,1,0,0,-0.04999999999999999,0,5.511259780193613e-06
2024-12-09,-1,0,0,1,0,0,-0.04999999999999999,0,0.0017393464292769136
2024-12-10,-1,0,0,1,0,0,-0.04999999999999999,0,0.0017665115334855293
2024-12-11,-1,0,0,-1,0,0,-0.45,-1,0.030068089278245756
2024-12-12,1,0,0,1,0,0,0.45,1,0.006432066144294216
2024-12-13,1,0,0,1,-1,0,0.35,1,0.02394375075826375
2024-12-16,1,1,0,1,-1,0,0.55,1,0.03022609759364778
2024-12-17,1,0,0,1,0,0,0.45,1,0.024397327320442093
2024-12-18,1,0,0,1,0,0,0.45,1,0.017480837499632737
2024-12-19,1,0,0,1,0,0,0.45,1,0.012049110092119966
2024-12-20,1,0,-1,1,-1,0,0.20000000000000004,0,0.01642812664931875
2024-12-23,1,1,-1,1,-1,0,0.4,1,0.07359534590390465
2024-12-24,1,1,0,1,-1,0,0.55,1,0.05159919239941432
2024-12-25,1,0,0,1,0,0,0.45,1,0.01461725454489808
2024-12-26,1,0,0,1,0,-1,0.35,1,0.026886129184326136
2024-12-27,1,0,0,1,-1,-1,0.24999999999999997,0,0.03197691554733838
2024-12-30,-1,0,0,1,0,0,-0.04999999999999999,0,0.00047806682442786574
2024-12-31,1,0,0,1,0,0,0.45,1,0.011488241560366078
